eventID,samplingProtocol,sampleSizeValue,sampleSizeUnit,samplingEffort,eventDate,eventTime,locationID,continent,country,countryCode,county,locality,decimalLatitude,decimalLongitude,geodeticDatum,footprintWKT,footprintSRS,dynamicProperties
19981029_mida,Water Bird Count,,minutes,,1998-10-29,,Mida Creek,Africa,Kenya,KE,Kilifi,Mida Creek,-3.330189,39.967088,WGS84,"POLYGON ((39.9636 -3.3292, 39.9631 -3.3313, 39.9632 -3.3334, 39.9617 -3.3379, 39.9663 -3.3422, 39.9718 -3.3403, 39.9761 -3.3453, 39.978 -3.3495, 39.9886 -3.3435, 39.9847 -3.3382, 39.9833 -3.334, 39.9832 -3.3328, 39.9837 -3.3319, 39.985 -3.3301, 39.9863 -3.3289, 39.9879 -3.3265, 39.9901 -3.3244, 39.9881 -3.3208, 39.9843 -3.3209, 39.9816 -3.3211, 39.9788 -3.3213, 39.9758 -3.3219, 39.9725 -3.3229, 39.9698 -3.324, 39.9677 -3.3256, 39.9655 -3.3266, 39.9645 -3.3272, 39.9638 -3.3284, 39.9636 -3.3292))",EPSG:4326,
19990310_mida,Water Bird Count,,minutes,,1999-03-10,,Mida Creek,Africa,Kenya,KE,Kilifi,Mida Creek,-3.330189,39.967088,WGS84,"POLYGON ((39.9636 -3.3292, 39.9631 -3.3313, 39.9632 -3.3334, 39.9617 -3.3379, 39.9663 -3.3422, 39.9718 -3.3403, 39.9761 -3.3453, 39.978 -3.3495, 39.9886 -3.3435, 39.9847 -3.3382, 39.9833 -3.334, 39.9832 -3.3328, 39.9837 -3.3319, 39.985 -3.3301, 39.9863 -3.3289, 39.9879 -3.3265, 39.9901 -3.3244, 39.9881 -3.3208, 39.9843 -3.3209, 39.9816 -3.3211, 39.9788 -3.3213, 39.9758 -3.3219, 39.9725 -3.3229, 39.9698 -3.324, 39.9677 -3.3256, 39.9655 -3.3266, 39.9645 -3.3272, 39.9638 -3.3284, 39.9636 -3.3292))",EPSG:4326,
19990324_mida,Water Bird Count,,minutes,,1999-03-24,,Mida Creek,Africa,Kenya,KE,Kilifi,Mida Creek,-3.330189,39.967088,WGS84,"POLYGON ((39.9636 -3.3292, 39.9631 -3.3313, 39.9632 -3.3334, 39.9617 -3.3379, 39.9663 -3.3422, 39.9718 -3.3403, 39.9761 -3.3453, 39.978 -3.3495, 39.9886 -3.3435, 39.9847 -3.3382, 39.9833 -3.334, 39.9832 -3.3328, 39.9837 -3.3319, 39.985 -3.3301, 39.9863 -3.3289, 39.9879 -3.3265, 39.9901 -3.3244, 39.9881 -3.3208, 39.9843 -3.3209, 39.9816 -3.3211, 39.9788 -3.3213, 39.9758 -3.3219, 39.9725 -3.3229, 39.9698 -3.324, 39.9677 -3.3256, 39.9655 -3.3266, 39.9645 -3.3272, 39.9638 -3.3284, 39.9636 -3.3292))",EPSG:4326,
19990408_mida,Water Bird Count,,minutes,,1999-04-08,,Mida Creek,Africa,Kenya,KE,Kilifi,Mida Creek,-3.330189,39.967088,WGS84,"POLYGON ((39.9636 -3.3292, 39.9631 -3.3313, 39.9632 -3.3334, 39.9617 -3.3379, 39.9663 -3.3422, 39.9718 -3.3403, 39.9761 -3.3453, 39.978 -3.3495, 39.9886 -3.3435, 39.9847 -3.3382, 39.9833 -3.334, 39.9832 -3.3328, 39.9837 -3.3319, 39.985 -3.3301, 39.9863 -3.3289, 39.9879 -3.3265, 39.9901 -3.3244, 39.9881 -3.3208, 39.9843 -3.3209, 39.9816 -3.3211, 39.9788 -3.3213, 39.9758 -3.3219, 39.9725 -3.3229, 39.9698 -3.324, 39.9677 -3.3256, 39.9655 -3.3266, 39.9645 -3.3272, 39.9638 -3.3284, 39.9636 -3.3292))",EPSG:4326,
19990510_mida,Water Bird Count,,minutes,,1999-05-10,,Mida Creek,Africa,Kenya,KE,Kilifi,Mida Creek,-3.330189,39.967088,WGS84,"POLYGON ((39.9636 -3.3292, 39.9631 -3.3313, 39.9632 -3.3334, 39.9617 -3.3379, 39.9663 -3.3422, 39.9718 -3.3403, 39.9761 -3.3453, 39.978 -3.3495, 39.9886 -3.3435, 39.9847 -3.3382, 39.9833 -3.334, 39.9832 -3.3328, 39.9837 -3.3319, 39.985 -3.3301, 39.9863 -3.3289, 39.9879 -3.3265, 39.9901 -3.3244, 39.9881 -3.3208, 39.9843 -3.3209, 39.9816 -3.3211, 39.9788 -3.3213, 39.9758 -3.3219, 39.9725 -3.3229, 39.9698 -3.324, 39.9677 -3.3256, 39.9655 -3.3266, 39.9645 -3.3272, 39.9638 -3.3284, 39.9636 -3.3292))",EPSG:4326,
20000129_mida,Water Bird Count,,minutes,,2000-01-29,,Mida Creek,Africa,Kenya,KE,Kilifi,Mida Creek,-3.330189,39.967088,WGS84,"POLYGON ((39.9636 -3.3292, 39.9631 -3.3313, 39.9632 -3.3334, 39.9617 -3.3379, 39.9663 -3.3422, 39.9718 -3.3403, 39.9761 -3.3453, 39.978 -3.3495, 39.9886 -3.3435, 39.9847 -3.3382, 39.9833 -3.334, 39.9832 -3.3328, 39.9837 -3.3319, 39.985 -3.3301, 39.9863 -3.3289, 39.9879 -3.3265, 39.9901 -3.3244, 39.9881 -3.3208, 39.9843 -3.3209, 39.9816 -3.3211, 39.9788 -3.3213, 39.9758 -3.3219, 39.9725 -3.3229, 39.9698 -3.324, 39.9677 -3.3256, 39.9655 -3.3266, 39.9645 -3.3272, 39.9638 -3.3284, 39.9636 -3.3292))",EPSG:4326,
20000130_sabaki,Water Bird Count,,minutes,,2000-01-30,,Sabaki,Africa,Kenya,KE,Tana River,Sabaki,-3.16658,40.14167,WGS84,"POLYGON ((40.1295 -3.1563, 40.1303 -3.1576, 40.132 -3.1595, 40.1334 -3.1615, 40.1339 -3.1633, 40.1359 -3.1647, 40.1394 -3.1666, 40.1413 -3.1699, 40.1402 -3.1725, 40.1405 -3.1752, 40.144 -3.1781, 40.1459 -3.1763, 40.1484 -3.171, 40.1525 -3.1611, 40.149 -3.1583, 40.1467 -3.1581, 40.1454 -3.1574, 40.1424 -3.1545, 40.1389 -3.1541, 40.1349 -3.1522, 40.1328 -3.1529, 40.1335 -3.1565, 40.1344 -3.1584, 40.1338 -3.1589, 40.1328 -3.1575, 40.1311 -3.1553, 40.1295 -3.1563))",EPSG:4326,
20000425_mida,Water Bird Count,,minutes,,2000-04-25,,Mida Creek,Africa,Kenya,KE,Kilifi,Mida Creek,-3.330189,39.967088,WGS84,"POLYGON ((39.9636 -3.3292, 39.9631 -3.3313, 39.9632 -3.3334, 39.9617 -3.3379, 39.9663 -3.3422, 39.9718 -3.3403, 39.9761 -3.3453, 39.978 -3.3495, 39.9886 -3.3435, 39.9847 -3.3382, 39.9833 -3.334, 39.9832 -3.3328, 39.9837 -3.3319, 39.985 -3.3301, 39.9863 -3.3289, 39.9879 -3.3265, 39.9901 -3.3244, 39.9881 -3.3208, 39.9843 -3.3209, 39.9816 -3.3211, 39.9788 -3.3213, 39.9758 -3.3219, 39.9725 -3.3229, 39.9698 -3.324, 39.9677 -3.3256, 39.9655 -3.3266, 39.9645 -3.3272, 39.9638 -3.3284, 39.9636 -3.3292))",EPSG:4326,
20010121_mida,Water Bird Count,45,minutes,,2001-01-21,15:15,Mida Creek,Africa,Kenya,KE,Kilifi,Mida Creek,-3.330189,39.967088,WGS84,"POLYGON ((39.9636 -3.3292, 39.9631 -3.3313, 39.9632 -3.3334, 39.9617 -3.3379, 39.9663 -3.3422, 39.9718 -3.3403, 39.9761 -3.3453, 39.978 -3.3495, 39.9886 -3.3435, 39.9847 -3.3382, 39.9833 -3.334, 39.9832 -3.3328, 39.9837 -3.3319, 39.985 -3.3301, 39.9863 -3.3289, 39.9879 -3.3265, 39.9901 -3.3244, 39.9881 -3.3208, 39.9843 -3.3209, 39.9816 -3.3211, 39.9788 -3.3213, 39.9758 -3.3219, 39.9725 -3.3229, 39.9698 -3.324, 39.9677 -3.3256, 39.9655 -3.3266, 39.9645 -3.3272, 39.9638 -3.3284, 39.9636 -3.3292))",EPSG:4326,
20010121_sabaki,Water Bird Count,255.0096000035604,minutes,"Moderate, 25-50%",2001-01-21,07:59,Sabaki,Africa,Kenya,KE,Tana River,Sabaki,-3.16658,40.14167,WGS84,"POLYGON ((40.1295 -3.1563, 40.1303 -3.1576, 40.132 -3.1595, 40.1334 -3.1615, 40.1339 -3.1633, 40.1359 -3.1647, 40.1394 -3.1666, 40.1413 -3.1699, 40.1402 -3.1725, 40.1405 -3.1752, 40.144 -3.1781, 40.1459 -3.1763, 40.1484 -3.171, 40.1525 -3.1611, 40.149 -3.1583, 40.1467 -3.1581, 40.1454 -3.1574, 40.1424 -3.1545, 40.1389 -3.1541, 40.1349 -3.1522, 40.1328 -3.1529, 40.1335 -3.1565, 40.1344 -3.1584, 40.1338 -3.1589, 40.1328 -3.1575, 40.1311 -3.1553, 40.1295 -3.1563))",EPSG:4326,"{""coverage"":""Moderate, 25-50%""}"
20040201_sabaki,Water Bird Count,364.9968000014623,minutes,,2004-02-01,08:15,Sabaki,Africa,Kenya,KE,Tana River,Sabaki,-3.16658,40.14167,WGS84,"POLYGON ((40.1295 -3.1563, 40.1303 -3.1576, 40.132 -3.1595, 40.1334 -3.1615, 40.1339 -3.1633, 40.1359 -3.1647, 40.1394 -3.1666, 40.1413 -3.1699, 40.1402 -3.1725, 40.1405 -3.1752, 40.144 -3.1781, 40.1459 -3.1763, 40.1484 -3.171, 40.1525 -3.1611, 40.149 -3.1583, 40.1467 -3.1581, 40.1454 -3.1574, 40.1424 -3.1545, 40.1389 -3.1541, 40.1349 -3.1522, 40.1328 -3.1529, 40.1335 -3.1565, 40.1344 -3.1584, 40.1338 -3.1589, 40.1328 -3.1575, 40.1311 -3.1553, 40.1295 -3.1563))",EPSG:4326,
20040204_mida,Water Bird Count,180,minutes,,2004-02-04,15:29,Mida Creek,Africa,Kenya,KE,Kilifi,Mida Creek,-3.330189,39.967088,WGS84,"POLYGON ((39.9636 -3.3292, 39.9631 -3.3313, 39.9632 -3.3334, 39.9617 -3.3379, 39.9663 -3.3422, 39.9718 -3.3403, 39.9761 -3.3453, 39.978 -3.3495, 39.9886 -3.3435, 39.9847 -3.3382, 39.9833 -3.334, 39.9832 -3.3328, 39.9837 -3.3319, 39.985 -3.3301, 39.9863 -3.3289, 39.9879 -3.3265, 39.9901 -3.3244, 39.9881 -3.3208, 39.9843 -3.3209, 39.9816 -3.3211, 39.9788 -3.3213, 39.9758 -3.3219, 39.9725 -3.3229, 39.9698 -3.324, 39.9677 -3.3256, 39.9655 -3.3266, 39.9645 -3.3272, 39.9638 -3.3284, 39.9636 -3.3292))",EPSG:4326,
20040417_sabaki,Water Bird Count,214,minutes,,2004-04-17,08:06,Sabaki,Africa,Kenya,KE,Tana River,Sabaki,-3.16658,40.14167,WGS84,"POLYGON ((40.1295 -3.1563, 40.1303 -3.1576, 40.132 -3.1595, 40.1334 -3.1615, 40.1339 -3.1633, 40.1359 -3.1647, 40.1394 -3.1666, 40.1413 -3.1699, 40.1402 -3.1725, 40.1405 -3.1752, 40.144 -3.1781, 40.1459 -3.1763, 40.1484 -3.171, 40.1525 -3.1611, 40.149 -3.1583, 40.1467 -3.1581, 40.1454 -3.1574, 40.1424 -3.1545, 40.1389 -3.1541, 40.1349 -3.1522, 40.1328 -3.1529, 40.1335 -3.1565, 40.1344 -3.1584, 40.1338 -3.1589, 40.1328 -3.1575, 40.1311 -3.1553, 40.1295 -3.1563))",EPSG:4326,"{""weather"":""No effect on count""}"
20040512_sabaki,Water Bird Count,300,minutes,,2004-05-12,09:00,Sabaki,Africa,Kenya,KE,Tana River,Sabaki,-3.16658,40.14167,WGS84,"POLYGON ((40.1295 -3.1563, 40.1303 -3.1576, 40.132 -3.1595, 40.1334 -3.1615, 40.1339 -3.1633, 40.1359 -3.1647, 40.1394 -3.1666, 40.1413 -3.1699, 40.1402 -3.1725, 40.1405 -3.1752, 40.144 -3.1781, 40.1459 -3.1763, 40.1484 -3.171, 40.1525 -3.1611, 40.149 -3.1583, 40.1467 -3.1581, 40.1454 -3.1574, 40.1424 -3.1545, 40.1389 -3.1541, 40.1349 -3.1522, 40.1328 -3.1529, 40.1335 -3.1565, 40.1344 -3.1584, 40.1338 -3.1589, 40.1328 -3.1575, 40.1311 -3.1553, 40.1295 -3.1563))",EPSG:4326,"{""weather"":""No effect on count""}"
20040610_sabaki,Water Bird Count,150,minutes,,2004-06-10,15:00,Sabaki,Africa,Kenya,KE,Tana River,Sabaki,-3.16658,40.14167,WGS84,"POLYGON ((40.1295 -3.1563, 40.1303 -3.1576, 40.132 -3.1595, 40.1334 -3.1615, 40.1339 -3.1633, 40.1359 -3.1647, 40.1394 -3.1666, 40.1413 -3.1699, 40.1402 -3.1725, 40.1405 -3.1752, 40.144 -3.1781, 40.1459 -3.1763, 40.1484 -3.171, 40.1525 -3.1611, 40.149 -3.1583, 40.1467 -3.1581, 40.1454 -3.1574, 40.1424 -3.1545, 40.1389 -3.1541, 40.1349 -3.1522, 40.1328 -3.1529, 40.1335 -3.1565, 40.1344 -3.1584, 40.1338 -3.1589, 40.1328 -3.1575, 40.1311 -3.1553, 40.1295 -3.1563))",EPSG:4326,"{""weather"":""Little effect on count""}"
20040711_sabaki,Water Bird Count,160,minutes,,2004-07-11,15:20,Sabaki,Africa,Kenya,KE,Tana River,Sabaki,-3.16658,40.14167,WGS84,"POLYGON ((40.1295 -3.1563, 40.1303 -3.1576, 40.132 -3.1595, 40.1334 -3.1615, 40.1339 -3.1633, 40.1359 -3.1647, 40.1394 -3.1666, 40.1413 -3.1699, 40.1402 -3.1725, 40.1405 -3.1752, 40.144 -3.1781, 40.1459 -3.1763, 40.1484 -3.171, 40.1525 -3.1611, 40.149 -3.1583, 40.1467 -3.1581, 40.1454 -3.1574, 40.1424 -3.1545, 40.1389 -3.1541, 40.1349 -3.1522, 40.1328 -3.1529, 40.1335 -3.1565, 40.1344 -3.1584, 40.1338 -3.1589, 40.1328 -3.1575, 40.1311 -3.1553, 40.1295 -3.1563))",EPSG:4326,"{""weather"":""No effect on count""}"
20040812_sabaki,Water Bird Count,,minutes,,2004-08-12,,Sabaki,Africa,Kenya,KE,Tana River,Sabaki,-3.16658,40.14167,WGS84,"POLYGON ((40.1295 -3.1563, 40.1303 -3.1576, 40.132 -3.1595, 40.1334 -3.1615, 40.1339 -3.1633, 40.1359 -3.1647, 40.1394 -3.1666, 40.1413 -3.1699, 40.1402 -3.1725, 40.1405 -3.1752, 40.144 -3.1781, 40.1459 -3.1763, 40.1484 -3.171, 40.1525 -3.1611, 40.149 -3.1583, 40.1467 -3.1581, 40.1454 -3.1574, 40.1424 -3.1545, 40.1389 -3.1541, 40.1349 -3.1522, 40.1328 -3.1529, 40.1335 -3.1565, 40.1344 -3.1584, 40.1338 -3.1589, 40.1328 -3.1575, 40.1311 -3.1553, 40.1295 -3.1563))",EPSG:4326,
20040926_sabaki,Water Bird Count,240,minutes,,2004-09-26,07:46,Sabaki,Africa,Kenya,KE,Tana River,Sabaki,-3.16658,40.14167,WGS84,"POLYGON ((40.1295 -3.1563, 40.1303 -3.1576, 40.132 -3.1595, 40.1334 -3.1615, 40.1339 -3.1633, 40.1359 -3.1647, 40.1394 -3.1666, 40.1413 -3.1699, 40.1402 -3.1725, 40.1405 -3.1752, 40.144 -3.1781, 40.1459 -3.1763, 40.1484 -3.171, 40.1525 -3.1611, 40.149 -3.1583, 40.1467 -3.1581, 40.1454 -3.1574, 40.1424 -3.1545, 40.1389 -3.1541, 40.1349 -3.1522, 40.1328 -3.1529, 40.1335 -3.1565, 40.1344 -3.1584, 40.1338 -3.1589, 40.1328 -3.1575, 40.1311 -3.1553, 40.1295 -3.1563))",EPSG:4326,
20041020_sabaki,Water Bird Count,,minutes,,2004-10-20,,Sabaki,Africa,Kenya,KE,Tana River,Sabaki,-3.16658,40.14167,WGS84,"POLYGON ((40.1295 -3.1563, 40.1303 -3.1576, 40.132 -3.1595, 40.1334 -3.1615, 40.1339 -3.1633, 40.1359 -3.1647, 40.1394 -3.1666, 40.1413 -3.1699, 40.1402 -3.1725, 40.1405 -3.1752, 40.144 -3.1781, 40.1459 -3.1763, 40.1484 -3.171, 40.1525 -3.1611, 40.149 -3.1583, 40.1467 -3.1581, 40.1454 -3.1574, 40.1424 -3.1545, 40.1389 -3.1541, 40.1349 -3.1522, 40.1328 -3.1529, 40.1335 -3.1565, 40.1344 -3.1584, 40.1338 -3.1589, 40.1328 -3.1575, 40.1311 -3.1553, 40.1295 -3.1563))",EPSG:4326,
20041101_sabaki,Water Bird Count,,minutes,,2004-11-01,,Sabaki,Africa,Kenya,KE,Tana River,Sabaki,-3.16658,40.14167,WGS84,"POLYGON ((40.1295 -3.1563, 40.1303 -3.1576, 40.132 -3.1595, 40.1334 -3.1615, 40.1339 -3.1633, 40.1359 -3.1647, 40.1394 -3.1666, 40.1413 -3.1699, 40.1402 -3.1725, 40.1405 -3.1752, 40.144 -3.1781, 40.1459 -3.1763, 40.1484 -3.171, 40.1525 -3.1611, 40.149 -3.1583, 40.1467 -3.1581, 40.1454 -3.1574, 40.1424 -3.1545, 40.1389 -3.1541, 40.1349 -3.1522, 40.1328 -3.1529, 40.1335 -3.1565, 40.1344 -3.1584, 40.1338 -3.1589, 40.1328 -3.1575, 40.1311 -3.1553, 40.1295 -3.1563))",EPSG:4326,
20041219_sabaki,Water Bird Count,,minutes,,2004-12-19,15:00,Sabaki,Africa,Kenya,KE,Tana River,Sabaki,-3.16658,40.14167,WGS84,"POLYGON ((40.1295 -3.1563, 40.1303 -3.1576, 40.132 -3.1595, 40.1334 -3.1615, 40.1339 -3.1633, 40.1359 -3.1647, 40.1394 -3.1666, 40.1413 -3.1699, 40.1402 -3.1725, 40.1405 -3.1752, 40.144 -3.1781, 40.1459 -3.1763, 40.1484 -3.171, 40.1525 -3.1611, 40.149 -3.1583, 40.1467 -3.1581, 40.1454 -3.1574, 40.1424 -3.1545, 40.1389 -3.1541, 40.1349 -3.1522, 40.1328 -3.1529, 40.1335 -3.1565, 40.1344 -3.1584, 40.1338 -3.1589, 40.1328 -3.1575, 40.1311 -3.1553, 40.1295 -3.1563))",EPSG:4326,
20050124_mida,Water Bird Count,90,minutes,,2005-01-24,16:00,Mida Creek,Africa,Kenya,KE,Kilifi,Mida Creek,-3.330189,39.967088,WGS84,"POLYGON ((39.9636 -3.3292, 39.9631 -3.3313, 39.9632 -3.3334, 39.9617 -3.3379, 39.9663 -3.3422, 39.9718 -3.3403, 39.9761 -3.3453, 39.978 -3.3495, 39.9886 -3.3435, 39.9847 -3.3382, 39.9833 -3.334, 39.9832 -3.3328, 39.9837 -3.3319, 39.985 -3.3301, 39.9863 -3.3289, 39.9879 -3.3265, 39.9901 -3.3244, 39.9881 -3.3208, 39.9843 -3.3209, 39.9816 -3.3211, 39.9788 -3.3213, 39.9758 -3.3219, 39.9725 -3.3229, 39.9698 -3.324, 39.9677 -3.3256, 39.9655 -3.3266, 39.9645 -3.3272, 39.9638 -3.3284, 39.9636 -3.3292))",EPSG:4326,
20050129_sabaki,Water Bird Count,,minutes,,2005-01-29,07:59,Sabaki,Africa,Kenya,KE,Tana River,Sabaki,-3.16658,40.14167,WGS84,"POLYGON ((40.1295 -3.1563, 40.1303 -3.1576, 40.132 -3.1595, 40.1334 -3.1615, 40.1339 -3.1633, 40.1359 -3.1647, 40.1394 -3.1666, 40.1413 -3.1699, 40.1402 -3.1725, 40.1405 -3.1752, 40.144 -3.1781, 40.1459 -3.1763, 40.1484 -3.171, 40.1525 -3.1611, 40.149 -3.1583, 40.1467 -3.1581, 40.1454 -3.1574, 40.1424 -3.1545, 40.1389 -3.1541, 40.1349 -3.1522, 40.1328 -3.1529, 40.1335 -3.1565, 40.1344 -3.1584, 40.1338 -3.1589, 40.1328 -3.1575, 40.1311 -3.1553, 40.1295 -3.1563))",EPSG:4326,
20050328_sabaki,Water Bird Count,,minutes,,2005-03-28,13:30,Sabaki,Africa,Kenya,KE,Tana River,Sabaki,-3.16658,40.14167,WGS84,"POLYGON ((40.1295 -3.1563, 40.1303 -3.1576, 40.132 -3.1595, 40.1334 -3.1615, 40.1339 -3.1633, 40.1359 -3.1647, 40.1394 -3.1666, 40.1413 -3.1699, 40.1402 -3.1725, 40.1405 -3.1752, 40.144 -3.1781, 40.1459 -3.1763, 40.1484 -3.171, 40.1525 -3.1611, 40.149 -3.1583, 40.1467 -3.1581, 40.1454 -3.1574, 40.1424 -3.1545, 40.1389 -3.1541, 40.1349 -3.1522, 40.1328 -3.1529, 40.1335 -3.1565, 40.1344 -3.1584, 40.1338 -3.1589, 40.1328 -3.1575, 40.1311 -3.1553, 40.1295 -3.1563))",EPSG:4326,
20050604_sabaki,Water Bird Count,150,minutes,,2005-06-04,07:30,Sabaki,Africa,Kenya,KE,Tana River,Sabaki,-3.16658,40.14167,WGS84,"POLYGON ((40.1295 -3.1563, 40.1303 -3.1576, 40.132 -3.1595, 40.1334 -3.1615, 40.1339 -3.1633, 40.1359 -3.1647, 40.1394 -3.1666, 40.1413 -3.1699, 40.1402 -3.1725, 40.1405 -3.1752, 40.144 -3.1781, 40.1459 -3.1763, 40.1484 -3.171, 40.1525 -3.1611, 40.149 -3.1583, 40.1467 -3.1581, 40.1454 -3.1574, 40.1424 -3.1545, 40.1389 -3.1541, 40.1349 -3.1522, 40.1328 -3.1529, 40.1335 -3.1565, 40.1344 -3.1584, 40.1338 -3.1589, 40.1328 -3.1575, 40.1311 -3.1553, 40.1295 -3.1563))",EPSG:4326,
20050916_sabaki,Water Bird Count,,minutes,,2005-09-16,,Sabaki,Africa,Kenya,KE,Tana River,Sabaki,-3.16658,40.14167,WGS84,"POLYGON ((40.1295 -3.1563, 40.1303 -3.1576, 40.132 -3.1595, 40.1334 -3.1615, 40.1339 -3.1633, 40.1359 -3.1647, 40.1394 -3.1666, 40.1413 -3.1699, 40.1402 -3.1725, 40.1405 -3.1752, 40.144 -3.1781, 40.1459 -3.1763, 40.1484 -3.171, 40.1525 -3.1611, 40.149 -3.1583, 40.1467 -3.1581, 40.1454 -3.1574, 40.1424 -3.1545, 40.1389 -3.1541, 40.1349 -3.1522, 40.1328 -3.1529, 40.1335 -3.1565, 40.1344 -3.1584, 40.1338 -3.1589, 40.1328 -3.1575, 40.1311 -3.1553, 40.1295 -3.1563))",EPSG:4326,
20050928_mida,Water Bird Count,,minutes,,2005-09-28,,Mida Creek,Africa,Kenya,KE,Kilifi,Mida Creek,-3.330189,39.967088,WGS84,"POLYGON ((39.9636 -3.3292, 39.9631 -3.3313, 39.9632 -3.3334, 39.9617 -3.3379, 39.9663 -3.3422, 39.9718 -3.3403, 39.9761 -3.3453, 39.978 -3.3495, 39.9886 -3.3435, 39.9847 -3.3382, 39.9833 -3.334, 39.9832 -3.3328, 39.9837 -3.3319, 39.985 -3.3301, 39.9863 -3.3289, 39.9879 -3.3265, 39.9901 -3.3244, 39.9881 -3.3208, 39.9843 -3.3209, 39.9816 -3.3211, 39.9788 -3.3213, 39.9758 -3.3219, 39.9725 -3.3229, 39.9698 -3.324, 39.9677 -3.3256, 39.9655 -3.3266, 39.9645 -3.3272, 39.9638 -3.3284, 39.9636 -3.3292))",EPSG:4326,
20051119_sabaki,Water Bird Count,,minutes,,2005-11-19,,Sabaki,Africa,Kenya,KE,Tana River,Sabaki,-3.16658,40.14167,WGS84,"POLYGON ((40.1295 -3.1563, 40.1303 -3.1576, 40.132 -3.1595, 40.1334 -3.1615, 40.1339 -3.1633, 40.1359 -3.1647, 40.1394 -3.1666, 40.1413 -3.1699, 40.1402 -3.1725, 40.1405 -3.1752, 40.144 -3.1781, 40.1459 -3.1763, 40.1484 -3.171, 40.1525 -3.1611, 40.149 -3.1583, 40.1467 -3.1581, 40.1454 -3.1574, 40.1424 -3.1545, 40.1389 -3.1541, 40.1349 -3.1522, 40.1328 -3.1529, 40.1335 -3.1565, 40.1344 -3.1584, 40.1338 -3.1589, 40.1328 -3.1575, 40.1311 -3.1553, 40.1295 -3.1563))",EPSG:4326,
20060127_mida,Water Bird Count,119.9951999982198,minutes,,2006-01-27,14:30,Mida Creek,Africa,Kenya,KE,Kilifi,Mida Creek,-3.330189,39.967088,WGS84,"POLYGON ((39.9636 -3.3292, 39.9631 -3.3313, 39.9632 -3.3334, 39.9617 -3.3379, 39.9663 -3.3422, 39.9718 -3.3403, 39.9761 -3.3453, 39.978 -3.3495, 39.9886 -3.3435, 39.9847 -3.3382, 39.9833 -3.334, 39.9832 -3.3328, 39.9837 -3.3319, 39.985 -3.3301, 39.9863 -3.3289, 39.9879 -3.3265, 39.9901 -3.3244, 39.9881 -3.3208, 39.9843 -3.3209, 39.9816 -3.3211, 39.9788 -3.3213, 39.9758 -3.3219, 39.9725 -3.3229, 39.9698 -3.324, 39.9677 -3.3256, 39.9655 -3.3266, 39.9645 -3.3272, 39.9638 -3.3284, 39.9636 -3.3292))",EPSG:4326,
20060129_sabaki,Water Bird Count,372.9888000011444,minutes,,2006-01-29,08:30,Sabaki,Africa,Kenya,KE,Tana River,Sabaki,-3.16658,40.14167,WGS84,"POLYGON ((40.1295 -3.1563, 40.1303 -3.1576, 40.132 -3.1595, 40.1334 -3.1615, 40.1339 -3.1633, 40.1359 -3.1647, 40.1394 -3.1666, 40.1413 -3.1699, 40.1402 -3.1725, 40.1405 -3.1752, 40.144 -3.1781, 40.1459 -3.1763, 40.1484 -3.171, 40.1525 -3.1611, 40.149 -3.1583, 40.1467 -3.1581, 40.1454 -3.1574, 40.1424 -3.1545, 40.1389 -3.1541, 40.1349 -3.1522, 40.1328 -3.1529, 40.1335 -3.1565, 40.1344 -3.1584, 40.1338 -3.1589, 40.1328 -3.1575, 40.1311 -3.1553, 40.1295 -3.1563))",EPSG:4326,
20070126_mida,Water Bird Count,60.00480000178019,minutes,,2007-01-26,09:00,Mida Creek,Africa,Kenya,KE,Kilifi,Mida Creek,-3.330189,39.967088,WGS84,"POLYGON ((39.9636 -3.3292, 39.9631 -3.3313, 39.9632 -3.3334, 39.9617 -3.3379, 39.9663 -3.3422, 39.9718 -3.3403, 39.9761 -3.3453, 39.978 -3.3495, 39.9886 -3.3435, 39.9847 -3.3382, 39.9833 -3.334, 39.9832 -3.3328, 39.9837 -3.3319, 39.985 -3.3301, 39.9863 -3.3289, 39.9879 -3.3265, 39.9901 -3.3244, 39.9881 -3.3208, 39.9843 -3.3209, 39.9816 -3.3211, 39.9788 -3.3213, 39.9758 -3.3219, 39.9725 -3.3229, 39.9698 -3.324, 39.9677 -3.3256, 39.9655 -3.3266, 39.9645 -3.3272, 39.9638 -3.3284, 39.9636 -3.3292))",EPSG:4326,
20070127_sabaki,Water Bird Count,189.9936000029246,minutes,,2007-01-27,15:00,Sabaki,Africa,Kenya,KE,Tana River,Sabaki,-3.16658,40.14167,WGS84,"POLYGON ((40.1295 -3.1563, 40.1303 -3.1576, 40.132 -3.1595, 40.1334 -3.1615, 40.1339 -3.1633, 40.1359 -3.1647, 40.1394 -3.1666, 40.1413 -3.1699, 40.1402 -3.1725, 40.1405 -3.1752, 40.144 -3.1781, 40.1459 -3.1763, 40.1484 -3.171, 40.1525 -3.1611, 40.149 -3.1583, 40.1467 -3.1581, 40.1454 -3.1574, 40.1424 -3.1545, 40.1389 -3.1541, 40.1349 -3.1522, 40.1328 -3.1529, 40.1335 -3.1565, 40.1344 -3.1584, 40.1338 -3.1589, 40.1328 -3.1575, 40.1311 -3.1553, 40.1295 -3.1563))",EPSG:4326,
20080126_sabaki,Water Bird Count,245.00480000178018,minutes,,2008-01-26,10:59,Sabaki,Africa,Kenya,KE,Tana River,Sabaki,-3.16658,40.14167,WGS84,"POLYGON ((40.1295 -3.1563, 40.1303 -3.1576, 40.132 -3.1595, 40.1334 -3.1615, 40.1339 -3.1633, 40.1359 -3.1647, 40.1394 -3.1666, 40.1413 -3.1699, 40.1402 -3.1725, 40.1405 -3.1752, 40.144 -3.1781, 40.1459 -3.1763, 40.1484 -3.171, 40.1525 -3.1611, 40.149 -3.1583, 40.1467 -3.1581, 40.1454 -3.1574, 40.1424 -3.1545, 40.1389 -3.1541, 40.1349 -3.1522, 40.1328 -3.1529, 40.1335 -3.1565, 40.1344 -3.1584, 40.1338 -3.1589, 40.1328 -3.1575, 40.1311 -3.1553, 40.1295 -3.1563))",EPSG:4326,
20080130_mida,Water Bird Count,94.9968000014623,minutes,,2008-01-30,08:50,Mida Creek,Africa,Kenya,KE,Kilifi,Mida Creek,-3.330189,39.967088,WGS84,"POLYGON ((39.9636 -3.3292, 39.9631 -3.3313, 39.9632 -3.3334, 39.9617 -3.3379, 39.9663 -3.3422, 39.9718 -3.3403, 39.9761 -3.3453, 39.978 -3.3495, 39.9886 -3.3435, 39.9847 -3.3382, 39.9833 -3.334, 39.9832 -3.3328, 39.9837 -3.3319, 39.985 -3.3301, 39.9863 -3.3289, 39.9879 -3.3265, 39.9901 -3.3244, 39.9881 -3.3208, 39.9843 -3.3209, 39.9816 -3.3211, 39.9788 -3.3213, 39.9758 -3.3219, 39.9725 -3.3229, 39.9698 -3.324, 39.9677 -3.3256, 39.9655 -3.3266, 39.9645 -3.3272, 39.9638 -3.3284, 39.9636 -3.3292))",EPSG:4326,
20090123_mida,Water Bird Count,90,minutes,,2009-01-23,13:59,Mida Creek,Africa,Kenya,KE,Kilifi,Mida Creek,-3.330189,39.967088,WGS84,"POLYGON ((39.9636 -3.3292, 39.9631 -3.3313, 39.9632 -3.3334, 39.9617 -3.3379, 39.9663 -3.3422, 39.9718 -3.3403, 39.9761 -3.3453, 39.978 -3.3495, 39.9886 -3.3435, 39.9847 -3.3382, 39.9833 -3.334, 39.9832 -3.3328, 39.9837 -3.3319, 39.985 -3.3301, 39.9863 -3.3289, 39.9879 -3.3265, 39.9901 -3.3244, 39.9881 -3.3208, 39.9843 -3.3209, 39.9816 -3.3211, 39.9788 -3.3213, 39.9758 -3.3219, 39.9725 -3.3229, 39.9698 -3.324, 39.9677 -3.3256, 39.9655 -3.3266, 39.9645 -3.3272, 39.9638 -3.3284, 39.9636 -3.3292))",EPSG:4326,
20090125_sabaki,Water Bird Count,315,minutes,,2009-01-25,09:45,Sabaki,Africa,Kenya,KE,Tana River,Sabaki,-3.16658,40.14167,WGS84,"POLYGON ((40.1295 -3.1563, 40.1303 -3.1576, 40.132 -3.1595, 40.1334 -3.1615, 40.1339 -3.1633, 40.1359 -3.1647, 40.1394 -3.1666, 40.1413 -3.1699, 40.1402 -3.1725, 40.1405 -3.1752, 40.144 -3.1781, 40.1459 -3.1763, 40.1484 -3.171, 40.1525 -3.1611, 40.149 -3.1583, 40.1467 -3.1581, 40.1454 -3.1574, 40.1424 -3.1545, 40.1389 -3.1541, 40.1349 -3.1522, 40.1328 -3.1529, 40.1335 -3.1565, 40.1344 -3.1584, 40.1338 -3.1589, 40.1328 -3.1575, 40.1311 -3.1553, 40.1295 -3.1563))",EPSG:4326,
20090704_sabaki,Water Bird Count,,minutes,,2009-07-04,08:00,Sabaki,Africa,Kenya,KE,Tana River,Sabaki,-3.16658,40.14167,WGS84,"POLYGON ((40.1295 -3.1563, 40.1303 -3.1576, 40.132 -3.1595, 40.1334 -3.1615, 40.1339 -3.1633, 40.1359 -3.1647, 40.1394 -3.1666, 40.1413 -3.1699, 40.1402 -3.1725, 40.1405 -3.1752, 40.144 -3.1781, 40.1459 -3.1763, 40.1484 -3.171, 40.1525 -3.1611, 40.149 -3.1583, 40.1467 -3.1581, 40.1454 -3.1574, 40.1424 -3.1545, 40.1389 -3.1541, 40.1349 -3.1522, 40.1328 -3.1529, 40.1335 -3.1565, 40.1344 -3.1584, 40.1338 -3.1589, 40.1328 -3.1575, 40.1311 -3.1553, 40.1295 -3.1563))",EPSG:4326,"{""participants"":""CJ,AB,CH,FX,EX,JO,MK,AK,MK""}"
20090731_mida,Water Bird Count,,minutes,,2009-07-31,,Mida Creek,Africa,Kenya,KE,Kilifi,Mida Creek,-3.330189,39.967088,WGS84,"POLYGON ((39.9636 -3.3292, 39.9631 -3.3313, 39.9632 -3.3334, 39.9617 -3.3379, 39.9663 -3.3422, 39.9718 -3.3403, 39.9761 -3.3453, 39.978 -3.3495, 39.9886 -3.3435, 39.9847 -3.3382, 39.9833 -3.334, 39.9832 -3.3328, 39.9837 -3.3319, 39.985 -3.3301, 39.9863 -3.3289, 39.9879 -3.3265, 39.9901 -3.3244, 39.9881 -3.3208, 39.9843 -3.3209, 39.9816 -3.3211, 39.9788 -3.3213, 39.9758 -3.3219, 39.9725 -3.3229, 39.9698 -3.324, 39.9677 -3.3256, 39.9655 -3.3266, 39.9645 -3.3272, 39.9638 -3.3284, 39.9636 -3.3292))",EPSG:4326,"{""tidal"":""High tide""}"
20090818_sabaki,Water Bird Count,,minutes,,2009-08-18,,Sabaki,Africa,Kenya,KE,Tana River,Sabaki,-3.16658,40.14167,WGS84,"POLYGON ((40.1295 -3.1563, 40.1303 -3.1576, 40.132 -3.1595, 40.1334 -3.1615, 40.1339 -3.1633, 40.1359 -3.1647, 40.1394 -3.1666, 40.1413 -3.1699, 40.1402 -3.1725, 40.1405 -3.1752, 40.144 -3.1781, 40.1459 -3.1763, 40.1484 -3.171, 40.1525 -3.1611, 40.149 -3.1583, 40.1467 -3.1581, 40.1454 -3.1574, 40.1424 -3.1545, 40.1389 -3.1541, 40.1349 -3.1522, 40.1328 -3.1529, 40.1335 -3.1565, 40.1344 -3.1584, 40.1338 -3.1589, 40.1328 -3.1575, 40.1311 -3.1553, 40.1295 -3.1563))",EPSG:4326,"{""participants"":""CJ,AB,CB""}"
20090919_sabaki,Water Bird Count,205,minutes,,2009-09-19,09:45,Sabaki,Africa,Kenya,KE,Tana River,Sabaki,-3.16658,40.14167,WGS84,"POLYGON ((40.1295 -3.1563, 40.1303 -3.1576, 40.132 -3.1595, 40.1334 -3.1615, 40.1339 -3.1633, 40.1359 -3.1647, 40.1394 -3.1666, 40.1413 -3.1699, 40.1402 -3.1725, 40.1405 -3.1752, 40.144 -3.1781, 40.1459 -3.1763, 40.1484 -3.171, 40.1525 -3.1611, 40.149 -3.1583, 40.1467 -3.1581, 40.1454 -3.1574, 40.1424 -3.1545, 40.1389 -3.1541, 40.1349 -3.1522, 40.1328 -3.1529, 40.1335 -3.1565, 40.1344 -3.1584, 40.1338 -3.1589, 40.1328 -3.1575, 40.1311 -3.1553, 40.1295 -3.1563))",EPSG:4326,"{""participants"":""CJ,AL,SO,DX,MK,JO,SK,PK""}"
20090926_mida,Water Bird Count,,minutes,,2009-09-26,,Mida Creek,Africa,Kenya,KE,Kilifi,Mida Creek,-3.330189,39.967088,WGS84,"POLYGON ((39.9636 -3.3292, 39.9631 -3.3313, 39.9632 -3.3334, 39.9617 -3.3379, 39.9663 -3.3422, 39.9718 -3.3403, 39.9761 -3.3453, 39.978 -3.3495, 39.9886 -3.3435, 39.9847 -3.3382, 39.9833 -3.334, 39.9832 -3.3328, 39.9837 -3.3319, 39.985 -3.3301, 39.9863 -3.3289, 39.9879 -3.3265, 39.9901 -3.3244, 39.9881 -3.3208, 39.9843 -3.3209, 39.9816 -3.3211, 39.9788 -3.3213, 39.9758 -3.3219, 39.9725 -3.3229, 39.9698 -3.324, 39.9677 -3.3256, 39.9655 -3.3266, 39.9645 -3.3272, 39.9638 -3.3284, 39.9636 -3.3292))",EPSG:4326,
20091011_sabaki,Water Bird Count,,minutes,,2009-10-11,,Sabaki,Africa,Kenya,KE,Tana River,Sabaki,-3.16658,40.14167,WGS84,"POLYGON ((40.1295 -3.1563, 40.1303 -3.1576, 40.132 -3.1595, 40.1334 -3.1615, 40.1339 -3.1633, 40.1359 -3.1647, 40.1394 -3.1666, 40.1413 -3.1699, 40.1402 -3.1725, 40.1405 -3.1752, 40.144 -3.1781, 40.1459 -3.1763, 40.1484 -3.171, 40.1525 -3.1611, 40.149 -3.1583, 40.1467 -3.1581, 40.1454 -3.1574, 40.1424 -3.1545, 40.1389 -3.1541, 40.1349 -3.1522, 40.1328 -3.1529, 40.1335 -3.1565, 40.1344 -3.1584, 40.1338 -3.1589, 40.1328 -3.1575, 40.1311 -3.1553, 40.1295 -3.1563))",EPSG:4326,"{""participants"":""CJ,MX,NX,RX,MK,EX,SO""}"
20091107_sabaki,Water Bird Count,,minutes,,2009-11-07,11:43,Sabaki,Africa,Kenya,KE,Tana River,Sabaki,-3.16658,40.14167,WGS84,"POLYGON ((40.1295 -3.1563, 40.1303 -3.1576, 40.132 -3.1595, 40.1334 -3.1615, 40.1339 -3.1633, 40.1359 -3.1647, 40.1394 -3.1666, 40.1413 -3.1699, 40.1402 -3.1725, 40.1405 -3.1752, 40.144 -3.1781, 40.1459 -3.1763, 40.1484 -3.171, 40.1525 -3.1611, 40.149 -3.1583, 40.1467 -3.1581, 40.1454 -3.1574, 40.1424 -3.1545, 40.1389 -3.1541, 40.1349 -3.1522, 40.1328 -3.1529, 40.1335 -3.1565, 40.1344 -3.1584, 40.1338 -3.1589, 40.1328 -3.1575, 40.1311 -3.1553, 40.1295 -3.1563))",EPSG:4326,"{""participants"":""CJ,MX,NX,RX,MK,EX,SO""}"
20091128_mida,Water Bird Count,,minutes,,2009-11-28,,Mida Creek,Africa,Kenya,KE,Kilifi,Mida Creek,-3.330189,39.967088,WGS84,"POLYGON ((39.9636 -3.3292, 39.9631 -3.3313, 39.9632 -3.3334, 39.9617 -3.3379, 39.9663 -3.3422, 39.9718 -3.3403, 39.9761 -3.3453, 39.978 -3.3495, 39.9886 -3.3435, 39.9847 -3.3382, 39.9833 -3.334, 39.9832 -3.3328, 39.9837 -3.3319, 39.985 -3.3301, 39.9863 -3.3289, 39.9879 -3.3265, 39.9901 -3.3244, 39.9881 -3.3208, 39.9843 -3.3209, 39.9816 -3.3211, 39.9788 -3.3213, 39.9758 -3.3219, 39.9725 -3.3229, 39.9698 -3.324, 39.9677 -3.3256, 39.9655 -3.3266, 39.9645 -3.3272, 39.9638 -3.3284, 39.9636 -3.3292))",EPSG:4326,
20100123_sabaki,Water Bird Count,230,minutes,,2010-01-23,13:00,Sabaki,Africa,Kenya,KE,Tana River,Sabaki,-3.16658,40.14167,WGS84,"POLYGON ((40.1295 -3.1563, 40.1303 -3.1576, 40.132 -3.1595, 40.1334 -3.1615, 40.1339 -3.1633, 40.1359 -3.1647, 40.1394 -3.1666, 40.1413 -3.1699, 40.1402 -3.1725, 40.1405 -3.1752, 40.144 -3.1781, 40.1459 -3.1763, 40.1484 -3.171, 40.1525 -3.1611, 40.149 -3.1583, 40.1467 -3.1581, 40.1454 -3.1574, 40.1424 -3.1545, 40.1389 -3.1541, 40.1349 -3.1522, 40.1328 -3.1529, 40.1335 -3.1565, 40.1344 -3.1584, 40.1338 -3.1589, 40.1328 -3.1575, 40.1311 -3.1553, 40.1295 -3.1563))",EPSG:4326,
20100124_mida,Water Bird Count,75,minutes,,2010-01-24,09:15,Mida Creek,Africa,Kenya,KE,Kilifi,Mida Creek,-3.330189,39.967088,WGS84,"POLYGON ((39.9636 -3.3292, 39.9631 -3.3313, 39.9632 -3.3334, 39.9617 -3.3379, 39.9663 -3.3422, 39.9718 -3.3403, 39.9761 -3.3453, 39.978 -3.3495, 39.9886 -3.3435, 39.9847 -3.3382, 39.9833 -3.334, 39.9832 -3.3328, 39.9837 -3.3319, 39.985 -3.3301, 39.9863 -3.3289, 39.9879 -3.3265, 39.9901 -3.3244, 39.9881 -3.3208, 39.9843 -3.3209, 39.9816 -3.3211, 39.9788 -3.3213, 39.9758 -3.3219, 39.9725 -3.3229, 39.9698 -3.324, 39.9677 -3.3256, 39.9655 -3.3266, 39.9645 -3.3272, 39.9638 -3.3284, 39.9636 -3.3292))",EPSG:4326,
20100226_sabaki,Water Bird Count,285,minutes,,2010-02-26,07:45,Sabaki,Africa,Kenya,KE,Tana River,Sabaki,-3.16658,40.14167,WGS84,"POLYGON ((40.1295 -3.1563, 40.1303 -3.1576, 40.132 -3.1595, 40.1334 -3.1615, 40.1339 -3.1633, 40.1359 -3.1647, 40.1394 -3.1666, 40.1413 -3.1699, 40.1402 -3.1725, 40.1405 -3.1752, 40.144 -3.1781, 40.1459 -3.1763, 40.1484 -3.171, 40.1525 -3.1611, 40.149 -3.1583, 40.1467 -3.1581, 40.1454 -3.1574, 40.1424 -3.1545, 40.1389 -3.1541, 40.1349 -3.1522, 40.1328 -3.1529, 40.1335 -3.1565, 40.1344 -3.1584, 40.1338 -3.1589, 40.1328 -3.1575, 40.1311 -3.1553, 40.1295 -3.1563))",EPSG:4326,"{""tidal"":""Low tide""}"
20100428_sabaki,Water Bird Count,,minutes,,2010-04-28,07:00,Sabaki,Africa,Kenya,KE,Tana River,Sabaki,-3.16658,40.14167,WGS84,"POLYGON ((40.1295 -3.1563, 40.1303 -3.1576, 40.132 -3.1595, 40.1334 -3.1615, 40.1339 -3.1633, 40.1359 -3.1647, 40.1394 -3.1666, 40.1413 -3.1699, 40.1402 -3.1725, 40.1405 -3.1752, 40.144 -3.1781, 40.1459 -3.1763, 40.1484 -3.171, 40.1525 -3.1611, 40.149 -3.1583, 40.1467 -3.1581, 40.1454 -3.1574, 40.1424 -3.1545, 40.1389 -3.1541, 40.1349 -3.1522, 40.1328 -3.1529, 40.1335 -3.1565, 40.1344 -3.1584, 40.1338 -3.1589, 40.1328 -3.1575, 40.1311 -3.1553, 40.1295 -3.1563))",EPSG:4326,
20100508_mida,Water Bird Count,,minutes,,2010-05-08,,Mida Creek,Africa,Kenya,KE,Kilifi,Mida Creek,-3.330189,39.967088,WGS84,"POLYGON ((39.9636 -3.3292, 39.9631 -3.3313, 39.9632 -3.3334, 39.9617 -3.3379, 39.9663 -3.3422, 39.9718 -3.3403, 39.9761 -3.3453, 39.978 -3.3495, 39.9886 -3.3435, 39.9847 -3.3382, 39.9833 -3.334, 39.9832 -3.3328, 39.9837 -3.3319, 39.985 -3.3301, 39.9863 -3.3289, 39.9879 -3.3265, 39.9901 -3.3244, 39.9881 -3.3208, 39.9843 -3.3209, 39.9816 -3.3211, 39.9788 -3.3213, 39.9758 -3.3219, 39.9725 -3.3229, 39.9698 -3.324, 39.9677 -3.3256, 39.9655 -3.3266, 39.9645 -3.3272, 39.9638 -3.3284, 39.9636 -3.3292))",EPSG:4326,
20100525_sabaki,Water Bird Count,,minutes,,2010-05-25,12:20,Sabaki,Africa,Kenya,KE,Tana River,Sabaki,-3.16658,40.14167,WGS84,"POLYGON ((40.1295 -3.1563, 40.1303 -3.1576, 40.132 -3.1595, 40.1334 -3.1615, 40.1339 -3.1633, 40.1359 -3.1647, 40.1394 -3.1666, 40.1413 -3.1699, 40.1402 -3.1725, 40.1405 -3.1752, 40.144 -3.1781, 40.1459 -3.1763, 40.1484 -3.171, 40.1525 -3.1611, 40.149 -3.1583, 40.1467 -3.1581, 40.1454 -3.1574, 40.1424 -3.1545, 40.1389 -3.1541, 40.1349 -3.1522, 40.1328 -3.1529, 40.1335 -3.1565, 40.1344 -3.1584, 40.1338 -3.1589, 40.1328 -3.1575, 40.1311 -3.1553, 40.1295 -3.1563))",EPSG:4326,
20100625_sabaki,Water Bird Count,,minutes,,2010-06-25,12:20,Sabaki,Africa,Kenya,KE,Tana River,Sabaki,-3.16658,40.14167,WGS84,"POLYGON ((40.1295 -3.1563, 40.1303 -3.1576, 40.132 -3.1595, 40.1334 -3.1615, 40.1339 -3.1633, 40.1359 -3.1647, 40.1394 -3.1666, 40.1413 -3.1699, 40.1402 -3.1725, 40.1405 -3.1752, 40.144 -3.1781, 40.1459 -3.1763, 40.1484 -3.171, 40.1525 -3.1611, 40.149 -3.1583, 40.1467 -3.1581, 40.1454 -3.1574, 40.1424 -3.1545, 40.1389 -3.1541, 40.1349 -3.1522, 40.1328 -3.1529, 40.1335 -3.1565, 40.1344 -3.1584, 40.1338 -3.1589, 40.1328 -3.1575, 40.1311 -3.1553, 40.1295 -3.1563))",EPSG:4326,
20100723_sabaki,Water Bird Count,180,minutes,,2010-07-23,07:15,Sabaki,Africa,Kenya,KE,Tana River,Sabaki,-3.16658,40.14167,WGS84,"POLYGON ((40.1295 -3.1563, 40.1303 -3.1576, 40.132 -3.1595, 40.1334 -3.1615, 40.1339 -3.1633, 40.1359 -3.1647, 40.1394 -3.1666, 40.1413 -3.1699, 40.1402 -3.1725, 40.1405 -3.1752, 40.144 -3.1781, 40.1459 -3.1763, 40.1484 -3.171, 40.1525 -3.1611, 40.149 -3.1583, 40.1467 -3.1581, 40.1454 -3.1574, 40.1424 -3.1545, 40.1389 -3.1541, 40.1349 -3.1522, 40.1328 -3.1529, 40.1335 -3.1565, 40.1344 -3.1584, 40.1338 -3.1589, 40.1328 -3.1575, 40.1311 -3.1553, 40.1295 -3.1563))",EPSG:4326,"{""participants"":""SM,AK,IL,CJ""}"
20100827_sabaki,Water Bird Count,,minutes,,2010-08-27,10:02,Sabaki,Africa,Kenya,KE,Tana River,Sabaki,-3.16658,40.14167,WGS84,"POLYGON ((40.1295 -3.1563, 40.1303 -3.1576, 40.132 -3.1595, 40.1334 -3.1615, 40.1339 -3.1633, 40.1359 -3.1647, 40.1394 -3.1666, 40.1413 -3.1699, 40.1402 -3.1725, 40.1405 -3.1752, 40.144 -3.1781, 40.1459 -3.1763, 40.1484 -3.171, 40.1525 -3.1611, 40.149 -3.1583, 40.1467 -3.1581, 40.1454 -3.1574, 40.1424 -3.1545, 40.1389 -3.1541, 40.1349 -3.1522, 40.1328 -3.1529, 40.1335 -3.1565, 40.1344 -3.1584, 40.1338 -3.1589, 40.1328 -3.1575, 40.1311 -3.1553, 40.1295 -3.1563))",EPSG:4326,"{""participants"":""CJ,AB,LB,TN,JVB,FK,SM""}"
20100927_sabaki,Water Bird Count,180,minutes,,2010-09-27,10:00,Sabaki,Africa,Kenya,KE,Tana River,Sabaki,-3.16658,40.14167,WGS84,"POLYGON ((40.1295 -3.1563, 40.1303 -3.1576, 40.132 -3.1595, 40.1334 -3.1615, 40.1339 -3.1633, 40.1359 -3.1647, 40.1394 -3.1666, 40.1413 -3.1699, 40.1402 -3.1725, 40.1405 -3.1752, 40.144 -3.1781, 40.1459 -3.1763, 40.1484 -3.171, 40.1525 -3.1611, 40.149 -3.1583, 40.1467 -3.1581, 40.1454 -3.1574, 40.1424 -3.1545, 40.1389 -3.1541, 40.1349 -3.1522, 40.1328 -3.1529, 40.1335 -3.1565, 40.1344 -3.1584, 40.1338 -3.1589, 40.1328 -3.1575, 40.1311 -3.1553, 40.1295 -3.1563))",EPSG:4326,"{""participants"":""CJ,AB,LB,KE,MK""}"
20110112_mida,Water Bird Count,,minutes,,2011-01-12,,Mida Creek,Africa,Kenya,KE,Kilifi,Mida Creek,-3.330189,39.967088,WGS84,"POLYGON ((39.9636 -3.3292, 39.9631 -3.3313, 39.9632 -3.3334, 39.9617 -3.3379, 39.9663 -3.3422, 39.9718 -3.3403, 39.9761 -3.3453, 39.978 -3.3495, 39.9886 -3.3435, 39.9847 -3.3382, 39.9833 -3.334, 39.9832 -3.3328, 39.9837 -3.3319, 39.985 -3.3301, 39.9863 -3.3289, 39.9879 -3.3265, 39.9901 -3.3244, 39.9881 -3.3208, 39.9843 -3.3209, 39.9816 -3.3211, 39.9788 -3.3213, 39.9758 -3.3219, 39.9725 -3.3229, 39.9698 -3.324, 39.9677 -3.3256, 39.9655 -3.3266, 39.9645 -3.3272, 39.9638 -3.3284, 39.9636 -3.3292))",EPSG:4326,
20110130_sabaki,Water Bird Count,,minutes,,2011-01-30,,Sabaki,Africa,Kenya,KE,Tana River,Sabaki,-3.16658,40.14167,WGS84,"POLYGON ((40.1295 -3.1563, 40.1303 -3.1576, 40.132 -3.1595, 40.1334 -3.1615, 40.1339 -3.1633, 40.1359 -3.1647, 40.1394 -3.1666, 40.1413 -3.1699, 40.1402 -3.1725, 40.1405 -3.1752, 40.144 -3.1781, 40.1459 -3.1763, 40.1484 -3.171, 40.1525 -3.1611, 40.149 -3.1583, 40.1467 -3.1581, 40.1454 -3.1574, 40.1424 -3.1545, 40.1389 -3.1541, 40.1349 -3.1522, 40.1328 -3.1529, 40.1335 -3.1565, 40.1344 -3.1584, 40.1338 -3.1589, 40.1328 -3.1575, 40.1311 -3.1553, 40.1295 -3.1563))",EPSG:4326,
20110428_mida,Water Bird Count,,minutes,,2011-04-28,,Mida Creek,Africa,Kenya,KE,Kilifi,Mida Creek,-3.330189,39.967088,WGS84,"POLYGON ((39.9636 -3.3292, 39.9631 -3.3313, 39.9632 -3.3334, 39.9617 -3.3379, 39.9663 -3.3422, 39.9718 -3.3403, 39.9761 -3.3453, 39.978 -3.3495, 39.9886 -3.3435, 39.9847 -3.3382, 39.9833 -3.334, 39.9832 -3.3328, 39.9837 -3.3319, 39.985 -3.3301, 39.9863 -3.3289, 39.9879 -3.3265, 39.9901 -3.3244, 39.9881 -3.3208, 39.9843 -3.3209, 39.9816 -3.3211, 39.9788 -3.3213, 39.9758 -3.3219, 39.9725 -3.3229, 39.9698 -3.324, 39.9677 -3.3256, 39.9655 -3.3266, 39.9645 -3.3272, 39.9638 -3.3284, 39.9636 -3.3292))",EPSG:4326,
20110520_sabaki,Water Bird Count,,minutes,,2011-05-20,,Sabaki,Africa,Kenya,KE,Tana River,Sabaki,-3.16658,40.14167,WGS84,"POLYGON ((40.1295 -3.1563, 40.1303 -3.1576, 40.132 -3.1595, 40.1334 -3.1615, 40.1339 -3.1633, 40.1359 -3.1647, 40.1394 -3.1666, 40.1413 -3.1699, 40.1402 -3.1725, 40.1405 -3.1752, 40.144 -3.1781, 40.1459 -3.1763, 40.1484 -3.171, 40.1525 -3.1611, 40.149 -3.1583, 40.1467 -3.1581, 40.1454 -3.1574, 40.1424 -3.1545, 40.1389 -3.1541, 40.1349 -3.1522, 40.1328 -3.1529, 40.1335 -3.1565, 40.1344 -3.1584, 40.1338 -3.1589, 40.1328 -3.1575, 40.1311 -3.1553, 40.1295 -3.1563))",EPSG:4326,
20110702_sabaki,Water Bird Count,,minutes,,2011-07-02,,Sabaki,Africa,Kenya,KE,Tana River,Sabaki,-3.16658,40.14167,WGS84,"POLYGON ((40.1295 -3.1563, 40.1303 -3.1576, 40.132 -3.1595, 40.1334 -3.1615, 40.1339 -3.1633, 40.1359 -3.1647, 40.1394 -3.1666, 40.1413 -3.1699, 40.1402 -3.1725, 40.1405 -3.1752, 40.144 -3.1781, 40.1459 -3.1763, 40.1484 -3.171, 40.1525 -3.1611, 40.149 -3.1583, 40.1467 -3.1581, 40.1454 -3.1574, 40.1424 -3.1545, 40.1389 -3.1541, 40.1349 -3.1522, 40.1328 -3.1529, 40.1335 -3.1565, 40.1344 -3.1584, 40.1338 -3.1589, 40.1328 -3.1575, 40.1311 -3.1553, 40.1295 -3.1563))",EPSG:4326,
20110830_sabaki,Water Bird Count,,minutes,,2011-08-30,,Sabaki,Africa,Kenya,KE,Tana River,Sabaki,-3.16658,40.14167,WGS84,"POLYGON ((40.1295 -3.1563, 40.1303 -3.1576, 40.132 -3.1595, 40.1334 -3.1615, 40.1339 -3.1633, 40.1359 -3.1647, 40.1394 -3.1666, 40.1413 -3.1699, 40.1402 -3.1725, 40.1405 -3.1752, 40.144 -3.1781, 40.1459 -3.1763, 40.1484 -3.171, 40.1525 -3.1611, 40.149 -3.1583, 40.1467 -3.1581, 40.1454 -3.1574, 40.1424 -3.1545, 40.1389 -3.1541, 40.1349 -3.1522, 40.1328 -3.1529, 40.1335 -3.1565, 40.1344 -3.1584, 40.1338 -3.1589, 40.1328 -3.1575, 40.1311 -3.1553, 40.1295 -3.1563))",EPSG:4326,
20111028_sabaki,Water Bird Count,,minutes,,2011-10-28,,Sabaki,Africa,Kenya,KE,Tana River,Sabaki,-3.16658,40.14167,WGS84,"POLYGON ((40.1295 -3.1563, 40.1303 -3.1576, 40.132 -3.1595, 40.1334 -3.1615, 40.1339 -3.1633, 40.1359 -3.1647, 40.1394 -3.1666, 40.1413 -3.1699, 40.1402 -3.1725, 40.1405 -3.1752, 40.144 -3.1781, 40.1459 -3.1763, 40.1484 -3.171, 40.1525 -3.1611, 40.149 -3.1583, 40.1467 -3.1581, 40.1454 -3.1574, 40.1424 -3.1545, 40.1389 -3.1541, 40.1349 -3.1522, 40.1328 -3.1529, 40.1335 -3.1565, 40.1344 -3.1584, 40.1338 -3.1589, 40.1328 -3.1575, 40.1311 -3.1553, 40.1295 -3.1563))",EPSG:4326,
20111116_sabaki,Water Bird Count,,minutes,,2011-11-16,,Sabaki,Africa,Kenya,KE,Tana River,Sabaki,-3.16658,40.14167,WGS84,"POLYGON ((40.1295 -3.1563, 40.1303 -3.1576, 40.132 -3.1595, 40.1334 -3.1615, 40.1339 -3.1633, 40.1359 -3.1647, 40.1394 -3.1666, 40.1413 -3.1699, 40.1402 -3.1725, 40.1405 -3.1752, 40.144 -3.1781, 40.1459 -3.1763, 40.1484 -3.171, 40.1525 -3.1611, 40.149 -3.1583, 40.1467 -3.1581, 40.1454 -3.1574, 40.1424 -3.1545, 40.1389 -3.1541, 40.1349 -3.1522, 40.1328 -3.1529, 40.1335 -3.1565, 40.1344 -3.1584, 40.1338 -3.1589, 40.1328 -3.1575, 40.1311 -3.1553, 40.1295 -3.1563))",EPSG:4326,
20120120_mida,Water Bird Count,120.00960000356038,minutes,,2012-01-20,13:59,Mida Creek,Africa,Kenya,KE,Kilifi,Mida Creek,-3.330189,39.967088,WGS84,"POLYGON ((39.9636 -3.3292, 39.9631 -3.3313, 39.9632 -3.3334, 39.9617 -3.3379, 39.9663 -3.3422, 39.9718 -3.3403, 39.9761 -3.3453, 39.978 -3.3495, 39.9886 -3.3435, 39.9847 -3.3382, 39.9833 -3.334, 39.9832 -3.3328, 39.9837 -3.3319, 39.985 -3.3301, 39.9863 -3.3289, 39.9879 -3.3265, 39.9901 -3.3244, 39.9881 -3.3208, 39.9843 -3.3209, 39.9816 -3.3211, 39.9788 -3.3213, 39.9758 -3.3219, 39.9725 -3.3229, 39.9698 -3.324, 39.9677 -3.3256, 39.9655 -3.3266, 39.9645 -3.3272, 39.9638 -3.3284, 39.9636 -3.3292))",EPSG:4326,
20120120_sabaki,Water Bird Count,107.00640000502268,minutes,,2012-01-20,08:48,Sabaki,Africa,Kenya,KE,Tana River,Sabaki,-3.16658,40.14167,WGS84,"POLYGON ((40.1295 -3.1563, 40.1303 -3.1576, 40.132 -3.1595, 40.1334 -3.1615, 40.1339 -3.1633, 40.1359 -3.1647, 40.1394 -3.1666, 40.1413 -3.1699, 40.1402 -3.1725, 40.1405 -3.1752, 40.144 -3.1781, 40.1459 -3.1763, 40.1484 -3.171, 40.1525 -3.1611, 40.149 -3.1583, 40.1467 -3.1581, 40.1454 -3.1574, 40.1424 -3.1545, 40.1389 -3.1541, 40.1349 -3.1522, 40.1328 -3.1529, 40.1335 -3.1565, 40.1344 -3.1584, 40.1338 -3.1589, 40.1328 -3.1575, 40.1311 -3.1553, 40.1295 -3.1563))",EPSG:4326,
20120218_mida,Water Bird Count,,minutes,,2012-02-18,,Mida Creek,Africa,Kenya,KE,Kilifi,Mida Creek,-3.330189,39.967088,WGS84,"POLYGON ((39.9636 -3.3292, 39.9631 -3.3313, 39.9632 -3.3334, 39.9617 -3.3379, 39.9663 -3.3422, 39.9718 -3.3403, 39.9761 -3.3453, 39.978 -3.3495, 39.9886 -3.3435, 39.9847 -3.3382, 39.9833 -3.334, 39.9832 -3.3328, 39.9837 -3.3319, 39.985 -3.3301, 39.9863 -3.3289, 39.9879 -3.3265, 39.9901 -3.3244, 39.9881 -3.3208, 39.9843 -3.3209, 39.9816 -3.3211, 39.9788 -3.3213, 39.9758 -3.3219, 39.9725 -3.3229, 39.9698 -3.324, 39.9677 -3.3256, 39.9655 -3.3266, 39.9645 -3.3272, 39.9638 -3.3284, 39.9636 -3.3292))",EPSG:4326,
20120330_mida,Water Bird Count,,minutes,,2012-03-30,,Mida Creek,Africa,Kenya,KE,Kilifi,Mida Creek,-3.330189,39.967088,WGS84,"POLYGON ((39.9636 -3.3292, 39.9631 -3.3313, 39.9632 -3.3334, 39.9617 -3.3379, 39.9663 -3.3422, 39.9718 -3.3403, 39.9761 -3.3453, 39.978 -3.3495, 39.9886 -3.3435, 39.9847 -3.3382, 39.9833 -3.334, 39.9832 -3.3328, 39.9837 -3.3319, 39.985 -3.3301, 39.9863 -3.3289, 39.9879 -3.3265, 39.9901 -3.3244, 39.9881 -3.3208, 39.9843 -3.3209, 39.9816 -3.3211, 39.9788 -3.3213, 39.9758 -3.3219, 39.9725 -3.3229, 39.9698 -3.324, 39.9677 -3.3256, 39.9655 -3.3266, 39.9645 -3.3272, 39.9638 -3.3284, 39.9636 -3.3292))",EPSG:4326,
20120505_sabaki,Water Bird Count,,minutes,,2012-05-05,,Sabaki,Africa,Kenya,KE,Tana River,Sabaki,-3.16658,40.14167,WGS84,"POLYGON ((40.1295 -3.1563, 40.1303 -3.1576, 40.132 -3.1595, 40.1334 -3.1615, 40.1339 -3.1633, 40.1359 -3.1647, 40.1394 -3.1666, 40.1413 -3.1699, 40.1402 -3.1725, 40.1405 -3.1752, 40.144 -3.1781, 40.1459 -3.1763, 40.1484 -3.171, 40.1525 -3.1611, 40.149 -3.1583, 40.1467 -3.1581, 40.1454 -3.1574, 40.1424 -3.1545, 40.1389 -3.1541, 40.1349 -3.1522, 40.1328 -3.1529, 40.1335 -3.1565, 40.1344 -3.1584, 40.1338 -3.1589, 40.1328 -3.1575, 40.1311 -3.1553, 40.1295 -3.1563))",EPSG:4326,
20120513_mida,Water Bird Count,,minutes,,2012-05-13,,Mida Creek,Africa,Kenya,KE,Kilifi,Mida Creek,-3.330189,39.967088,WGS84,"POLYGON ((39.9636 -3.3292, 39.9631 -3.3313, 39.9632 -3.3334, 39.9617 -3.3379, 39.9663 -3.3422, 39.9718 -3.3403, 39.9761 -3.3453, 39.978 -3.3495, 39.9886 -3.3435, 39.9847 -3.3382, 39.9833 -3.334, 39.9832 -3.3328, 39.9837 -3.3319, 39.985 -3.3301, 39.9863 -3.3289, 39.9879 -3.3265, 39.9901 -3.3244, 39.9881 -3.3208, 39.9843 -3.3209, 39.9816 -3.3211, 39.9788 -3.3213, 39.9758 -3.3219, 39.9725 -3.3229, 39.9698 -3.324, 39.9677 -3.3256, 39.9655 -3.3266, 39.9645 -3.3272, 39.9638 -3.3284, 39.9636 -3.3292))",EPSG:4326,
20120612_sabaki,Water Bird Count,,minutes,,2012-06-12,,Sabaki,Africa,Kenya,KE,Tana River,Sabaki,-3.16658,40.14167,WGS84,"POLYGON ((40.1295 -3.1563, 40.1303 -3.1576, 40.132 -3.1595, 40.1334 -3.1615, 40.1339 -3.1633, 40.1359 -3.1647, 40.1394 -3.1666, 40.1413 -3.1699, 40.1402 -3.1725, 40.1405 -3.1752, 40.144 -3.1781, 40.1459 -3.1763, 40.1484 -3.171, 40.1525 -3.1611, 40.149 -3.1583, 40.1467 -3.1581, 40.1454 -3.1574, 40.1424 -3.1545, 40.1389 -3.1541, 40.1349 -3.1522, 40.1328 -3.1529, 40.1335 -3.1565, 40.1344 -3.1584, 40.1338 -3.1589, 40.1328 -3.1575, 40.1311 -3.1553, 40.1295 -3.1563))",EPSG:4326,
20120718_sabaki,Water Bird Count,,minutes,,2012-07-18,,Sabaki,Africa,Kenya,KE,Tana River,Sabaki,-3.16658,40.14167,WGS84,"POLYGON ((40.1295 -3.1563, 40.1303 -3.1576, 40.132 -3.1595, 40.1334 -3.1615, 40.1339 -3.1633, 40.1359 -3.1647, 40.1394 -3.1666, 40.1413 -3.1699, 40.1402 -3.1725, 40.1405 -3.1752, 40.144 -3.1781, 40.1459 -3.1763, 40.1484 -3.171, 40.1525 -3.1611, 40.149 -3.1583, 40.1467 -3.1581, 40.1454 -3.1574, 40.1424 -3.1545, 40.1389 -3.1541, 40.1349 -3.1522, 40.1328 -3.1529, 40.1335 -3.1565, 40.1344 -3.1584, 40.1338 -3.1589, 40.1328 -3.1575, 40.1311 -3.1553, 40.1295 -3.1563))",EPSG:4326,
20120821_sabaki,Water Bird Count,,minutes,,2012-08-21,,Sabaki,Africa,Kenya,KE,Tana River,Sabaki,-3.16658,40.14167,WGS84,"POLYGON ((40.1295 -3.1563, 40.1303 -3.1576, 40.132 -3.1595, 40.1334 -3.1615, 40.1339 -3.1633, 40.1359 -3.1647, 40.1394 -3.1666, 40.1413 -3.1699, 40.1402 -3.1725, 40.1405 -3.1752, 40.144 -3.1781, 40.1459 -3.1763, 40.1484 -3.171, 40.1525 -3.1611, 40.149 -3.1583, 40.1467 -3.1581, 40.1454 -3.1574, 40.1424 -3.1545, 40.1389 -3.1541, 40.1349 -3.1522, 40.1328 -3.1529, 40.1335 -3.1565, 40.1344 -3.1584, 40.1338 -3.1589, 40.1328 -3.1575, 40.1311 -3.1553, 40.1295 -3.1563))",EPSG:4326,
20120927_sabaki,Water Bird Count,,minutes,,2012-09-27,06:50,Sabaki,Africa,Kenya,KE,Tana River,Sabaki,-3.16658,40.14167,WGS84,"POLYGON ((40.1295 -3.1563, 40.1303 -3.1576, 40.132 -3.1595, 40.1334 -3.1615, 40.1339 -3.1633, 40.1359 -3.1647, 40.1394 -3.1666, 40.1413 -3.1699, 40.1402 -3.1725, 40.1405 -3.1752, 40.144 -3.1781, 40.1459 -3.1763, 40.1484 -3.171, 40.1525 -3.1611, 40.149 -3.1583, 40.1467 -3.1581, 40.1454 -3.1574, 40.1424 -3.1545, 40.1389 -3.1541, 40.1349 -3.1522, 40.1328 -3.1529, 40.1335 -3.1565, 40.1344 -3.1584, 40.1338 -3.1589, 40.1328 -3.1575, 40.1311 -3.1553, 40.1295 -3.1563))",EPSG:4326,
20121127_sabaki,Water Bird Count,264,minutes,,2012-11-27,07:26,Sabaki,Africa,Kenya,KE,Tana River,Sabaki,-3.16658,40.14167,WGS84,"POLYGON ((40.1295 -3.1563, 40.1303 -3.1576, 40.132 -3.1595, 40.1334 -3.1615, 40.1339 -3.1633, 40.1359 -3.1647, 40.1394 -3.1666, 40.1413 -3.1699, 40.1402 -3.1725, 40.1405 -3.1752, 40.144 -3.1781, 40.1459 -3.1763, 40.1484 -3.171, 40.1525 -3.1611, 40.149 -3.1583, 40.1467 -3.1581, 40.1454 -3.1574, 40.1424 -3.1545, 40.1389 -3.1541, 40.1349 -3.1522, 40.1328 -3.1529, 40.1335 -3.1565, 40.1344 -3.1584, 40.1338 -3.1589, 40.1328 -3.1575, 40.1311 -3.1553, 40.1295 -3.1563))",EPSG:4326,
20130105_mida,Water Bird Count,,minutes,,2013-01-05,,Mida Creek,Africa,Kenya,KE,Kilifi,Mida Creek,-3.330189,39.967088,WGS84,"POLYGON ((39.9636 -3.3292, 39.9631 -3.3313, 39.9632 -3.3334, 39.9617 -3.3379, 39.9663 -3.3422, 39.9718 -3.3403, 39.9761 -3.3453, 39.978 -3.3495, 39.9886 -3.3435, 39.9847 -3.3382, 39.9833 -3.334, 39.9832 -3.3328, 39.9837 -3.3319, 39.985 -3.3301, 39.9863 -3.3289, 39.9879 -3.3265, 39.9901 -3.3244, 39.9881 -3.3208, 39.9843 -3.3209, 39.9816 -3.3211, 39.9788 -3.3213, 39.9758 -3.3219, 39.9725 -3.3229, 39.9698 -3.324, 39.9677 -3.3256, 39.9655 -3.3266, 39.9645 -3.3272, 39.9638 -3.3284, 39.9636 -3.3292))",EPSG:4326,
20130124_mida,Water Bird Count,,minutes,,2013-01-24,,Mida Creek,Africa,Kenya,KE,Kilifi,Mida Creek,-3.330189,39.967088,WGS84,"POLYGON ((39.9636 -3.3292, 39.9631 -3.3313, 39.9632 -3.3334, 39.9617 -3.3379, 39.9663 -3.3422, 39.9718 -3.3403, 39.9761 -3.3453, 39.978 -3.3495, 39.9886 -3.3435, 39.9847 -3.3382, 39.9833 -3.334, 39.9832 -3.3328, 39.9837 -3.3319, 39.985 -3.3301, 39.9863 -3.3289, 39.9879 -3.3265, 39.9901 -3.3244, 39.9881 -3.3208, 39.9843 -3.3209, 39.9816 -3.3211, 39.9788 -3.3213, 39.9758 -3.3219, 39.9725 -3.3229, 39.9698 -3.324, 39.9677 -3.3256, 39.9655 -3.3266, 39.9645 -3.3272, 39.9638 -3.3284, 39.9636 -3.3292))",EPSG:4326,
20130127_sabaki,Water Bird Count,220.0031999985377,minutes,,2013-01-27,08:35,Sabaki,Africa,Kenya,KE,Tana River,Sabaki,-3.16658,40.14167,WGS84,"POLYGON ((40.1295 -3.1563, 40.1303 -3.1576, 40.132 -3.1595, 40.1334 -3.1615, 40.1339 -3.1633, 40.1359 -3.1647, 40.1394 -3.1666, 40.1413 -3.1699, 40.1402 -3.1725, 40.1405 -3.1752, 40.144 -3.1781, 40.1459 -3.1763, 40.1484 -3.171, 40.1525 -3.1611, 40.149 -3.1583, 40.1467 -3.1581, 40.1454 -3.1574, 40.1424 -3.1545, 40.1389 -3.1541, 40.1349 -3.1522, 40.1328 -3.1529, 40.1335 -3.1565, 40.1344 -3.1584, 40.1338 -3.1589, 40.1328 -3.1575, 40.1311 -3.1553, 40.1295 -3.1563))",EPSG:4326,
20130312_sabaki,Water Bird Count,255,minutes,,2013-03-12,08:15,Sabaki,Africa,Kenya,KE,Tana River,Sabaki,-3.16658,40.14167,WGS84,"POLYGON ((40.1295 -3.1563, 40.1303 -3.1576, 40.132 -3.1595, 40.1334 -3.1615, 40.1339 -3.1633, 40.1359 -3.1647, 40.1394 -3.1666, 40.1413 -3.1699, 40.1402 -3.1725, 40.1405 -3.1752, 40.144 -3.1781, 40.1459 -3.1763, 40.1484 -3.171, 40.1525 -3.1611, 40.149 -3.1583, 40.1467 -3.1581, 40.1454 -3.1574, 40.1424 -3.1545, 40.1389 -3.1541, 40.1349 -3.1522, 40.1328 -3.1529, 40.1335 -3.1565, 40.1344 -3.1584, 40.1338 -3.1589, 40.1328 -3.1575, 40.1311 -3.1553, 40.1295 -3.1563))",EPSG:4326,
20130403_mida,Water Bird Count,,minutes,,2013-04-03,,Mida Creek,Africa,Kenya,KE,Kilifi,Mida Creek,-3.330189,39.967088,WGS84,"POLYGON ((39.9636 -3.3292, 39.9631 -3.3313, 39.9632 -3.3334, 39.9617 -3.3379, 39.9663 -3.3422, 39.9718 -3.3403, 39.9761 -3.3453, 39.978 -3.3495, 39.9886 -3.3435, 39.9847 -3.3382, 39.9833 -3.334, 39.9832 -3.3328, 39.9837 -3.3319, 39.985 -3.3301, 39.9863 -3.3289, 39.9879 -3.3265, 39.9901 -3.3244, 39.9881 -3.3208, 39.9843 -3.3209, 39.9816 -3.3211, 39.9788 -3.3213, 39.9758 -3.3219, 39.9725 -3.3229, 39.9698 -3.324, 39.9677 -3.3256, 39.9655 -3.3266, 39.9645 -3.3272, 39.9638 -3.3284, 39.9636 -3.3292))",EPSG:4326,
20130412_sabaki,Water Bird Count,,minutes,,2013-04-12,,Sabaki,Africa,Kenya,KE,Tana River,Sabaki,-3.16658,40.14167,WGS84,"POLYGON ((40.1295 -3.1563, 40.1303 -3.1576, 40.132 -3.1595, 40.1334 -3.1615, 40.1339 -3.1633, 40.1359 -3.1647, 40.1394 -3.1666, 40.1413 -3.1699, 40.1402 -3.1725, 40.1405 -3.1752, 40.144 -3.1781, 40.1459 -3.1763, 40.1484 -3.171, 40.1525 -3.1611, 40.149 -3.1583, 40.1467 -3.1581, 40.1454 -3.1574, 40.1424 -3.1545, 40.1389 -3.1541, 40.1349 -3.1522, 40.1328 -3.1529, 40.1335 -3.1565, 40.1344 -3.1584, 40.1338 -3.1589, 40.1328 -3.1575, 40.1311 -3.1553, 40.1295 -3.1563))",EPSG:4326,
20130508_sabaki,Water Bird Count,245,minutes,,2013-05-08,06:55,Sabaki,Africa,Kenya,KE,Tana River,Sabaki,-3.16658,40.14167,WGS84,"POLYGON ((40.1295 -3.1563, 40.1303 -3.1576, 40.132 -3.1595, 40.1334 -3.1615, 40.1339 -3.1633, 40.1359 -3.1647, 40.1394 -3.1666, 40.1413 -3.1699, 40.1402 -3.1725, 40.1405 -3.1752, 40.144 -3.1781, 40.1459 -3.1763, 40.1484 -3.171, 40.1525 -3.1611, 40.149 -3.1583, 40.1467 -3.1581, 40.1454 -3.1574, 40.1424 -3.1545, 40.1389 -3.1541, 40.1349 -3.1522, 40.1328 -3.1529, 40.1335 -3.1565, 40.1344 -3.1584, 40.1338 -3.1589, 40.1328 -3.1575, 40.1311 -3.1553, 40.1295 -3.1563))",EPSG:4326,
20130518_mida,Water Bird Count,,minutes,,2013-05-18,09:30,Mida Creek,Africa,Kenya,KE,Kilifi,Mida Creek,-3.330189,39.967088,WGS84,"POLYGON ((39.9636 -3.3292, 39.9631 -3.3313, 39.9632 -3.3334, 39.9617 -3.3379, 39.9663 -3.3422, 39.9718 -3.3403, 39.9761 -3.3453, 39.978 -3.3495, 39.9886 -3.3435, 39.9847 -3.3382, 39.9833 -3.334, 39.9832 -3.3328, 39.9837 -3.3319, 39.985 -3.3301, 39.9863 -3.3289, 39.9879 -3.3265, 39.9901 -3.3244, 39.9881 -3.3208, 39.9843 -3.3209, 39.9816 -3.3211, 39.9788 -3.3213, 39.9758 -3.3219, 39.9725 -3.3229, 39.9698 -3.324, 39.9677 -3.3256, 39.9655 -3.3266, 39.9645 -3.3272, 39.9638 -3.3284, 39.9636 -3.3292))",EPSG:4326,"{""method"":""Foot or vehicle and used telescope"",""water"":""High Tide"",""participants"":""CJ, AK""}"
20130622_sabaki,Water Bird Count,265,minutes,,2013-06-22,06:35,Sabaki,Africa,Kenya,KE,Tana River,Sabaki,-3.16658,40.14167,WGS84,"POLYGON ((40.1295 -3.1563, 40.1303 -3.1576, 40.132 -3.1595, 40.1334 -3.1615, 40.1339 -3.1633, 40.1359 -3.1647, 40.1394 -3.1666, 40.1413 -3.1699, 40.1402 -3.1725, 40.1405 -3.1752, 40.144 -3.1781, 40.1459 -3.1763, 40.1484 -3.171, 40.1525 -3.1611, 40.149 -3.1583, 40.1467 -3.1581, 40.1454 -3.1574, 40.1424 -3.1545, 40.1389 -3.1541, 40.1349 -3.1522, 40.1328 -3.1529, 40.1335 -3.1565, 40.1344 -3.1584, 40.1338 -3.1589, 40.1328 -3.1575, 40.1311 -3.1553, 40.1295 -3.1563))",EPSG:4326,
20130723_sabaki,Water Bird Count,195,minutes,,2013-07-23,08:30,Sabaki,Africa,Kenya,KE,Tana River,Sabaki,-3.16658,40.14167,WGS84,"POLYGON ((40.1295 -3.1563, 40.1303 -3.1576, 40.132 -3.1595, 40.1334 -3.1615, 40.1339 -3.1633, 40.1359 -3.1647, 40.1394 -3.1666, 40.1413 -3.1699, 40.1402 -3.1725, 40.1405 -3.1752, 40.144 -3.1781, 40.1459 -3.1763, 40.1484 -3.171, 40.1525 -3.1611, 40.149 -3.1583, 40.1467 -3.1581, 40.1454 -3.1574, 40.1424 -3.1545, 40.1389 -3.1541, 40.1349 -3.1522, 40.1328 -3.1529, 40.1335 -3.1565, 40.1344 -3.1584, 40.1338 -3.1589, 40.1328 -3.1575, 40.1311 -3.1553, 40.1295 -3.1563))",EPSG:4326,
20130801_mida,Water Bird Count,,minutes,,2013-08-01,,Mida Creek,Africa,Kenya,KE,Kilifi,Mida Creek,-3.330189,39.967088,WGS84,"POLYGON ((39.9636 -3.3292, 39.9631 -3.3313, 39.9632 -3.3334, 39.9617 -3.3379, 39.9663 -3.3422, 39.9718 -3.3403, 39.9761 -3.3453, 39.978 -3.3495, 39.9886 -3.3435, 39.9847 -3.3382, 39.9833 -3.334, 39.9832 -3.3328, 39.9837 -3.3319, 39.985 -3.3301, 39.9863 -3.3289, 39.9879 -3.3265, 39.9901 -3.3244, 39.9881 -3.3208, 39.9843 -3.3209, 39.9816 -3.3211, 39.9788 -3.3213, 39.9758 -3.3219, 39.9725 -3.3229, 39.9698 -3.324, 39.9677 -3.3256, 39.9655 -3.3266, 39.9645 -3.3272, 39.9638 -3.3284, 39.9636 -3.3292))",EPSG:4326,
20130918_sabaki,Water Bird Count,,minutes,,2013-09-18,07:48,Sabaki,Africa,Kenya,KE,Tana River,Sabaki,-3.16658,40.14167,WGS84,"POLYGON ((40.1295 -3.1563, 40.1303 -3.1576, 40.132 -3.1595, 40.1334 -3.1615, 40.1339 -3.1633, 40.1359 -3.1647, 40.1394 -3.1666, 40.1413 -3.1699, 40.1402 -3.1725, 40.1405 -3.1752, 40.144 -3.1781, 40.1459 -3.1763, 40.1484 -3.171, 40.1525 -3.1611, 40.149 -3.1583, 40.1467 -3.1581, 40.1454 -3.1574, 40.1424 -3.1545, 40.1389 -3.1541, 40.1349 -3.1522, 40.1328 -3.1529, 40.1335 -3.1565, 40.1344 -3.1584, 40.1338 -3.1589, 40.1328 -3.1575, 40.1311 -3.1553, 40.1295 -3.1563))",EPSG:4326,
20131101_sabaki,Water Bird Count,,minutes,,2013-11-01,,Sabaki,Africa,Kenya,KE,Tana River,Sabaki,-3.16658,40.14167,WGS84,"POLYGON ((40.1295 -3.1563, 40.1303 -3.1576, 40.132 -3.1595, 40.1334 -3.1615, 40.1339 -3.1633, 40.1359 -3.1647, 40.1394 -3.1666, 40.1413 -3.1699, 40.1402 -3.1725, 40.1405 -3.1752, 40.144 -3.1781, 40.1459 -3.1763, 40.1484 -3.171, 40.1525 -3.1611, 40.149 -3.1583, 40.1467 -3.1581, 40.1454 -3.1574, 40.1424 -3.1545, 40.1389 -3.1541, 40.1349 -3.1522, 40.1328 -3.1529, 40.1335 -3.1565, 40.1344 -3.1584, 40.1338 -3.1589, 40.1328 -3.1575, 40.1311 -3.1553, 40.1295 -3.1563))",EPSG:4326,
20131214_sabaki,Water Bird Count,,minutes,,2013-12-14,,Sabaki,Africa,Kenya,KE,Tana River,Sabaki,-3.16658,40.14167,WGS84,"POLYGON ((40.1295 -3.1563, 40.1303 -3.1576, 40.132 -3.1595, 40.1334 -3.1615, 40.1339 -3.1633, 40.1359 -3.1647, 40.1394 -3.1666, 40.1413 -3.1699, 40.1402 -3.1725, 40.1405 -3.1752, 40.144 -3.1781, 40.1459 -3.1763, 40.1484 -3.171, 40.1525 -3.1611, 40.149 -3.1583, 40.1467 -3.1581, 40.1454 -3.1574, 40.1424 -3.1545, 40.1389 -3.1541, 40.1349 -3.1522, 40.1328 -3.1529, 40.1335 -3.1565, 40.1344 -3.1584, 40.1338 -3.1589, 40.1328 -3.1575, 40.1311 -3.1553, 40.1295 -3.1563))",EPSG:4326,
20140119_sabaki,Water Bird Count,155.0016000032425,minutes,,2014-01-19,09:40,Sabaki,Africa,Kenya,KE,Tana River,Sabaki,-3.16658,40.14167,WGS84,"POLYGON ((40.1295 -3.1563, 40.1303 -3.1576, 40.132 -3.1595, 40.1334 -3.1615, 40.1339 -3.1633, 40.1359 -3.1647, 40.1394 -3.1666, 40.1413 -3.1699, 40.1402 -3.1725, 40.1405 -3.1752, 40.144 -3.1781, 40.1459 -3.1763, 40.1484 -3.171, 40.1525 -3.1611, 40.149 -3.1583, 40.1467 -3.1581, 40.1454 -3.1574, 40.1424 -3.1545, 40.1389 -3.1541, 40.1349 -3.1522, 40.1328 -3.1529, 40.1335 -3.1565, 40.1344 -3.1584, 40.1338 -3.1589, 40.1328 -3.1575, 40.1311 -3.1553, 40.1295 -3.1563))",EPSG:4326,
20140123_mida,Water Bird Count,74.9951999982198,minutes,,2014-01-23,07:30,Mida Creek,Africa,Kenya,KE,Kilifi,Mida Creek,-3.330189,39.967088,WGS84,"POLYGON ((39.9636 -3.3292, 39.9631 -3.3313, 39.9632 -3.3334, 39.9617 -3.3379, 39.9663 -3.3422, 39.9718 -3.3403, 39.9761 -3.3453, 39.978 -3.3495, 39.9886 -3.3435, 39.9847 -3.3382, 39.9833 -3.334, 39.9832 -3.3328, 39.9837 -3.3319, 39.985 -3.3301, 39.9863 -3.3289, 39.9879 -3.3265, 39.9901 -3.3244, 39.9881 -3.3208, 39.9843 -3.3209, 39.9816 -3.3211, 39.9788 -3.3213, 39.9758 -3.3219, 39.9725 -3.3229, 39.9698 -3.324, 39.9677 -3.3256, 39.9655 -3.3266, 39.9645 -3.3272, 39.9638 -3.3284, 39.9636 -3.3292))",EPSG:4326,
20140211_mida,Water Bird Count,,minutes,,2014-02-11,,Mida Creek,Africa,Kenya,KE,Kilifi,Mida Creek,-3.330189,39.967088,WGS84,"POLYGON ((39.9636 -3.3292, 39.9631 -3.3313, 39.9632 -3.3334, 39.9617 -3.3379, 39.9663 -3.3422, 39.9718 -3.3403, 39.9761 -3.3453, 39.978 -3.3495, 39.9886 -3.3435, 39.9847 -3.3382, 39.9833 -3.334, 39.9832 -3.3328, 39.9837 -3.3319, 39.985 -3.3301, 39.9863 -3.3289, 39.9879 -3.3265, 39.9901 -3.3244, 39.9881 -3.3208, 39.9843 -3.3209, 39.9816 -3.3211, 39.9788 -3.3213, 39.9758 -3.3219, 39.9725 -3.3229, 39.9698 -3.324, 39.9677 -3.3256, 39.9655 -3.3266, 39.9645 -3.3272, 39.9638 -3.3284, 39.9636 -3.3292))",EPSG:4326,
20140307_mida,Water Bird Count,,minutes,,2014-03-07,,Mida Creek,Africa,Kenya,KE,Kilifi,Mida Creek,-3.330189,39.967088,WGS84,"POLYGON ((39.9636 -3.3292, 39.9631 -3.3313, 39.9632 -3.3334, 39.9617 -3.3379, 39.9663 -3.3422, 39.9718 -3.3403, 39.9761 -3.3453, 39.978 -3.3495, 39.9886 -3.3435, 39.9847 -3.3382, 39.9833 -3.334, 39.9832 -3.3328, 39.9837 -3.3319, 39.985 -3.3301, 39.9863 -3.3289, 39.9879 -3.3265, 39.9901 -3.3244, 39.9881 -3.3208, 39.9843 -3.3209, 39.9816 -3.3211, 39.9788 -3.3213, 39.9758 -3.3219, 39.9725 -3.3229, 39.9698 -3.324, 39.9677 -3.3256, 39.9655 -3.3266, 39.9645 -3.3272, 39.9638 -3.3284, 39.9636 -3.3292))",EPSG:4326,
20140314_sabaki,Water Bird Count,270,minutes,,2014-03-14,07:00,Sabaki,Africa,Kenya,KE,Tana River,Sabaki,-3.16658,40.14167,WGS84,"POLYGON ((40.1295 -3.1563, 40.1303 -3.1576, 40.132 -3.1595, 40.1334 -3.1615, 40.1339 -3.1633, 40.1359 -3.1647, 40.1394 -3.1666, 40.1413 -3.1699, 40.1402 -3.1725, 40.1405 -3.1752, 40.144 -3.1781, 40.1459 -3.1763, 40.1484 -3.171, 40.1525 -3.1611, 40.149 -3.1583, 40.1467 -3.1581, 40.1454 -3.1574, 40.1424 -3.1545, 40.1389 -3.1541, 40.1349 -3.1522, 40.1328 -3.1529, 40.1335 -3.1565, 40.1344 -3.1584, 40.1338 -3.1589, 40.1328 -3.1575, 40.1311 -3.1553, 40.1295 -3.1563))",EPSG:4326,
20140411_sabaki,Water Bird Count,205,minutes,,2014-04-11,08:20,Sabaki,Africa,Kenya,KE,Tana River,Sabaki,-3.16658,40.14167,WGS84,"POLYGON ((40.1295 -3.1563, 40.1303 -3.1576, 40.132 -3.1595, 40.1334 -3.1615, 40.1339 -3.1633, 40.1359 -3.1647, 40.1394 -3.1666, 40.1413 -3.1699, 40.1402 -3.1725, 40.1405 -3.1752, 40.144 -3.1781, 40.1459 -3.1763, 40.1484 -3.171, 40.1525 -3.1611, 40.149 -3.1583, 40.1467 -3.1581, 40.1454 -3.1574, 40.1424 -3.1545, 40.1389 -3.1541, 40.1349 -3.1522, 40.1328 -3.1529, 40.1335 -3.1565, 40.1344 -3.1584, 40.1338 -3.1589, 40.1328 -3.1575, 40.1311 -3.1553, 40.1295 -3.1563))",EPSG:4326,
20140423_mida,Water Bird Count,,minutes,,2014-04-23,,Mida Creek,Africa,Kenya,KE,Kilifi,Mida Creek,-3.330189,39.967088,WGS84,"POLYGON ((39.9636 -3.3292, 39.9631 -3.3313, 39.9632 -3.3334, 39.9617 -3.3379, 39.9663 -3.3422, 39.9718 -3.3403, 39.9761 -3.3453, 39.978 -3.3495, 39.9886 -3.3435, 39.9847 -3.3382, 39.9833 -3.334, 39.9832 -3.3328, 39.9837 -3.3319, 39.985 -3.3301, 39.9863 -3.3289, 39.9879 -3.3265, 39.9901 -3.3244, 39.9881 -3.3208, 39.9843 -3.3209, 39.9816 -3.3211, 39.9788 -3.3213, 39.9758 -3.3219, 39.9725 -3.3229, 39.9698 -3.324, 39.9677 -3.3256, 39.9655 -3.3266, 39.9645 -3.3272, 39.9638 -3.3284, 39.9636 -3.3292))",EPSG:4326,
20140507_mida,Water Bird Count,,minutes,,2014-05-07,,Mida Creek,Africa,Kenya,KE,Kilifi,Mida Creek,-3.330189,39.967088,WGS84,"POLYGON ((39.9636 -3.3292, 39.9631 -3.3313, 39.9632 -3.3334, 39.9617 -3.3379, 39.9663 -3.3422, 39.9718 -3.3403, 39.9761 -3.3453, 39.978 -3.3495, 39.9886 -3.3435, 39.9847 -3.3382, 39.9833 -3.334, 39.9832 -3.3328, 39.9837 -3.3319, 39.985 -3.3301, 39.9863 -3.3289, 39.9879 -3.3265, 39.9901 -3.3244, 39.9881 -3.3208, 39.9843 -3.3209, 39.9816 -3.3211, 39.9788 -3.3213, 39.9758 -3.3219, 39.9725 -3.3229, 39.9698 -3.324, 39.9677 -3.3256, 39.9655 -3.3266, 39.9645 -3.3272, 39.9638 -3.3284, 39.9636 -3.3292))",EPSG:4326,
20140527_sabaki,Water Bird Count,195,minutes,,2014-05-27,08:15,Sabaki,Africa,Kenya,KE,Tana River,Sabaki,-3.16658,40.14167,WGS84,"POLYGON ((40.1295 -3.1563, 40.1303 -3.1576, 40.132 -3.1595, 40.1334 -3.1615, 40.1339 -3.1633, 40.1359 -3.1647, 40.1394 -3.1666, 40.1413 -3.1699, 40.1402 -3.1725, 40.1405 -3.1752, 40.144 -3.1781, 40.1459 -3.1763, 40.1484 -3.171, 40.1525 -3.1611, 40.149 -3.1583, 40.1467 -3.1581, 40.1454 -3.1574, 40.1424 -3.1545, 40.1389 -3.1541, 40.1349 -3.1522, 40.1328 -3.1529, 40.1335 -3.1565, 40.1344 -3.1584, 40.1338 -3.1589, 40.1328 -3.1575, 40.1311 -3.1553, 40.1295 -3.1563))",EPSG:4326,
20140620_mida,Water Bird Count,,minutes,,2014-06-20,,Mida Creek,Africa,Kenya,KE,Kilifi,Mida Creek,-3.330189,39.967088,WGS84,"POLYGON ((39.9636 -3.3292, 39.9631 -3.3313, 39.9632 -3.3334, 39.9617 -3.3379, 39.9663 -3.3422, 39.9718 -3.3403, 39.9761 -3.3453, 39.978 -3.3495, 39.9886 -3.3435, 39.9847 -3.3382, 39.9833 -3.334, 39.9832 -3.3328, 39.9837 -3.3319, 39.985 -3.3301, 39.9863 -3.3289, 39.9879 -3.3265, 39.9901 -3.3244, 39.9881 -3.3208, 39.9843 -3.3209, 39.9816 -3.3211, 39.9788 -3.3213, 39.9758 -3.3219, 39.9725 -3.3229, 39.9698 -3.324, 39.9677 -3.3256, 39.9655 -3.3266, 39.9645 -3.3272, 39.9638 -3.3284, 39.9636 -3.3292))",EPSG:4326,
20140625_sabaki,Water Bird Count,190,minutes,,2014-06-25,08:50,Sabaki,Africa,Kenya,KE,Tana River,Sabaki,-3.16658,40.14167,WGS84,"POLYGON ((40.1295 -3.1563, 40.1303 -3.1576, 40.132 -3.1595, 40.1334 -3.1615, 40.1339 -3.1633, 40.1359 -3.1647, 40.1394 -3.1666, 40.1413 -3.1699, 40.1402 -3.1725, 40.1405 -3.1752, 40.144 -3.1781, 40.1459 -3.1763, 40.1484 -3.171, 40.1525 -3.1611, 40.149 -3.1583, 40.1467 -3.1581, 40.1454 -3.1574, 40.1424 -3.1545, 40.1389 -3.1541, 40.1349 -3.1522, 40.1328 -3.1529, 40.1335 -3.1565, 40.1344 -3.1584, 40.1338 -3.1589, 40.1328 -3.1575, 40.1311 -3.1553, 40.1295 -3.1563))",EPSG:4326,
20140721_mida,Water Bird Count,,minutes,,2014-07-21,,Mida Creek,Africa,Kenya,KE,Kilifi,Mida Creek,-3.330189,39.967088,WGS84,"POLYGON ((39.9636 -3.3292, 39.9631 -3.3313, 39.9632 -3.3334, 39.9617 -3.3379, 39.9663 -3.3422, 39.9718 -3.3403, 39.9761 -3.3453, 39.978 -3.3495, 39.9886 -3.3435, 39.9847 -3.3382, 39.9833 -3.334, 39.9832 -3.3328, 39.9837 -3.3319, 39.985 -3.3301, 39.9863 -3.3289, 39.9879 -3.3265, 39.9901 -3.3244, 39.9881 -3.3208, 39.9843 -3.3209, 39.9816 -3.3211, 39.9788 -3.3213, 39.9758 -3.3219, 39.9725 -3.3229, 39.9698 -3.324, 39.9677 -3.3256, 39.9655 -3.3266, 39.9645 -3.3272, 39.9638 -3.3284, 39.9636 -3.3292))",EPSG:4326,"{""tidal"":""High tide""}"
20140724_sabaki,Water Bird Count,175,minutes,,2014-07-24,07:35,Sabaki,Africa,Kenya,KE,Tana River,Sabaki,-3.16658,40.14167,WGS84,"POLYGON ((40.1295 -3.1563, 40.1303 -3.1576, 40.132 -3.1595, 40.1334 -3.1615, 40.1339 -3.1633, 40.1359 -3.1647, 40.1394 -3.1666, 40.1413 -3.1699, 40.1402 -3.1725, 40.1405 -3.1752, 40.144 -3.1781, 40.1459 -3.1763, 40.1484 -3.171, 40.1525 -3.1611, 40.149 -3.1583, 40.1467 -3.1581, 40.1454 -3.1574, 40.1424 -3.1545, 40.1389 -3.1541, 40.1349 -3.1522, 40.1328 -3.1529, 40.1335 -3.1565, 40.1344 -3.1584, 40.1338 -3.1589, 40.1328 -3.1575, 40.1311 -3.1553, 40.1295 -3.1563))",EPSG:4326,
20140819_mida,Water Bird Count,173,minutes,,2014-08-19,09:30,Mida Creek,Africa,Kenya,KE,Kilifi,Mida Creek,-3.330189,39.967088,WGS84,"POLYGON ((39.9636 -3.3292, 39.9631 -3.3313, 39.9632 -3.3334, 39.9617 -3.3379, 39.9663 -3.3422, 39.9718 -3.3403, 39.9761 -3.3453, 39.978 -3.3495, 39.9886 -3.3435, 39.9847 -3.3382, 39.9833 -3.334, 39.9832 -3.3328, 39.9837 -3.3319, 39.985 -3.3301, 39.9863 -3.3289, 39.9879 -3.3265, 39.9901 -3.3244, 39.9881 -3.3208, 39.9843 -3.3209, 39.9816 -3.3211, 39.9788 -3.3213, 39.9758 -3.3219, 39.9725 -3.3229, 39.9698 -3.324, 39.9677 -3.3256, 39.9655 -3.3266, 39.9645 -3.3272, 39.9638 -3.3284, 39.9636 -3.3292))",EPSG:4326,
20140828_sabaki,Water Bird Count,,minutes,,2014-08-28,08:30,Sabaki,Africa,Kenya,KE,Tana River,Sabaki,-3.16658,40.14167,WGS84,"POLYGON ((40.1295 -3.1563, 40.1303 -3.1576, 40.132 -3.1595, 40.1334 -3.1615, 40.1339 -3.1633, 40.1359 -3.1647, 40.1394 -3.1666, 40.1413 -3.1699, 40.1402 -3.1725, 40.1405 -3.1752, 40.144 -3.1781, 40.1459 -3.1763, 40.1484 -3.171, 40.1525 -3.1611, 40.149 -3.1583, 40.1467 -3.1581, 40.1454 -3.1574, 40.1424 -3.1545, 40.1389 -3.1541, 40.1349 -3.1522, 40.1328 -3.1529, 40.1335 -3.1565, 40.1344 -3.1584, 40.1338 -3.1589, 40.1328 -3.1575, 40.1311 -3.1553, 40.1295 -3.1563))",EPSG:4326,
20140906_mida,Water Bird Count,120,minutes,,2014-09-06,09:00,Mida Creek,Africa,Kenya,KE,Kilifi,Mida Creek,-3.330189,39.967088,WGS84,"POLYGON ((39.9636 -3.3292, 39.9631 -3.3313, 39.9632 -3.3334, 39.9617 -3.3379, 39.9663 -3.3422, 39.9718 -3.3403, 39.9761 -3.3453, 39.978 -3.3495, 39.9886 -3.3435, 39.9847 -3.3382, 39.9833 -3.334, 39.9832 -3.3328, 39.9837 -3.3319, 39.985 -3.3301, 39.9863 -3.3289, 39.9879 -3.3265, 39.9901 -3.3244, 39.9881 -3.3208, 39.9843 -3.3209, 39.9816 -3.3211, 39.9788 -3.3213, 39.9758 -3.3219, 39.9725 -3.3229, 39.9698 -3.324, 39.9677 -3.3256, 39.9655 -3.3266, 39.9645 -3.3272, 39.9638 -3.3284, 39.9636 -3.3292))",EPSG:4326,"{""participants"":""JB, KA,DK, LK, LK2,PK2,MX3,PM2,PN,JF, BS""}"
20140917_mida,Water Bird Count,120,minutes,,2014-09-17,09:00,Mida Creek,Africa,Kenya,KE,Kilifi,Mida Creek,-3.330189,39.967088,WGS84,"POLYGON ((39.9636 -3.3292, 39.9631 -3.3313, 39.9632 -3.3334, 39.9617 -3.3379, 39.9663 -3.3422, 39.9718 -3.3403, 39.9761 -3.3453, 39.978 -3.3495, 39.9886 -3.3435, 39.9847 -3.3382, 39.9833 -3.334, 39.9832 -3.3328, 39.9837 -3.3319, 39.985 -3.3301, 39.9863 -3.3289, 39.9879 -3.3265, 39.9901 -3.3244, 39.9881 -3.3208, 39.9843 -3.3209, 39.9816 -3.3211, 39.9788 -3.3213, 39.9758 -3.3219, 39.9725 -3.3229, 39.9698 -3.324, 39.9677 -3.3256, 39.9655 -3.3266, 39.9645 -3.3272, 39.9638 -3.3284, 39.9636 -3.3292))",EPSG:4326,
20140930_sabaki,Water Bird Count,,minutes,,2014-09-30,10:48,Sabaki,Africa,Kenya,KE,Tana River,Sabaki,-3.16658,40.14167,WGS84,"POLYGON ((40.1295 -3.1563, 40.1303 -3.1576, 40.132 -3.1595, 40.1334 -3.1615, 40.1339 -3.1633, 40.1359 -3.1647, 40.1394 -3.1666, 40.1413 -3.1699, 40.1402 -3.1725, 40.1405 -3.1752, 40.144 -3.1781, 40.1459 -3.1763, 40.1484 -3.171, 40.1525 -3.1611, 40.149 -3.1583, 40.1467 -3.1581, 40.1454 -3.1574, 40.1424 -3.1545, 40.1389 -3.1541, 40.1349 -3.1522, 40.1328 -3.1529, 40.1335 -3.1565, 40.1344 -3.1584, 40.1338 -3.1589, 40.1328 -3.1575, 40.1311 -3.1553, 40.1295 -3.1563))",EPSG:4326,
20141016_mida,Water Bird Count,,minutes,,2014-10-16,08:15,Mida Creek,Africa,Kenya,KE,Kilifi,Mida Creek,-3.330189,39.967088,WGS84,"POLYGON ((39.9636 -3.3292, 39.9631 -3.3313, 39.9632 -3.3334, 39.9617 -3.3379, 39.9663 -3.3422, 39.9718 -3.3403, 39.9761 -3.3453, 39.978 -3.3495, 39.9886 -3.3435, 39.9847 -3.3382, 39.9833 -3.334, 39.9832 -3.3328, 39.9837 -3.3319, 39.985 -3.3301, 39.9863 -3.3289, 39.9879 -3.3265, 39.9901 -3.3244, 39.9881 -3.3208, 39.9843 -3.3209, 39.9816 -3.3211, 39.9788 -3.3213, 39.9758 -3.3219, 39.9725 -3.3229, 39.9698 -3.324, 39.9677 -3.3256, 39.9655 -3.3266, 39.9645 -3.3272, 39.9638 -3.3284, 39.9636 -3.3292))",EPSG:4326,
20141024_sabaki,Water Bird Count,255,minutes,,2014-10-24,07:45,Sabaki,Africa,Kenya,KE,Tana River,Sabaki,-3.16658,40.14167,WGS84,"POLYGON ((40.1295 -3.1563, 40.1303 -3.1576, 40.132 -3.1595, 40.1334 -3.1615, 40.1339 -3.1633, 40.1359 -3.1647, 40.1394 -3.1666, 40.1413 -3.1699, 40.1402 -3.1725, 40.1405 -3.1752, 40.144 -3.1781, 40.1459 -3.1763, 40.1484 -3.171, 40.1525 -3.1611, 40.149 -3.1583, 40.1467 -3.1581, 40.1454 -3.1574, 40.1424 -3.1545, 40.1389 -3.1541, 40.1349 -3.1522, 40.1328 -3.1529, 40.1335 -3.1565, 40.1344 -3.1584, 40.1338 -3.1589, 40.1328 -3.1575, 40.1311 -3.1553, 40.1295 -3.1563))",EPSG:4326,
20141110_sabaki,Water Bird Count,140,minutes,,2014-11-10,16:00,Sabaki,Africa,Kenya,KE,Tana River,Sabaki,-3.16658,40.14167,WGS84,"POLYGON ((40.1295 -3.1563, 40.1303 -3.1576, 40.132 -3.1595, 40.1334 -3.1615, 40.1339 -3.1633, 40.1359 -3.1647, 40.1394 -3.1666, 40.1413 -3.1699, 40.1402 -3.1725, 40.1405 -3.1752, 40.144 -3.1781, 40.1459 -3.1763, 40.1484 -3.171, 40.1525 -3.1611, 40.149 -3.1583, 40.1467 -3.1581, 40.1454 -3.1574, 40.1424 -3.1545, 40.1389 -3.1541, 40.1349 -3.1522, 40.1328 -3.1529, 40.1335 -3.1565, 40.1344 -3.1584, 40.1338 -3.1589, 40.1328 -3.1575, 40.1311 -3.1553, 40.1295 -3.1563))",EPSG:4326,
20141115_mida,Water Bird Count,,minutes,,2014-11-15,08:45,Mida Creek,Africa,Kenya,KE,Kilifi,Mida Creek,-3.330189,39.967088,WGS84,"POLYGON ((39.9636 -3.3292, 39.9631 -3.3313, 39.9632 -3.3334, 39.9617 -3.3379, 39.9663 -3.3422, 39.9718 -3.3403, 39.9761 -3.3453, 39.978 -3.3495, 39.9886 -3.3435, 39.9847 -3.3382, 39.9833 -3.334, 39.9832 -3.3328, 39.9837 -3.3319, 39.985 -3.3301, 39.9863 -3.3289, 39.9879 -3.3265, 39.9901 -3.3244, 39.9881 -3.3208, 39.9843 -3.3209, 39.9816 -3.3211, 39.9788 -3.3213, 39.9758 -3.3219, 39.9725 -3.3229, 39.9698 -3.324, 39.9677 -3.3256, 39.9655 -3.3266, 39.9645 -3.3272, 39.9638 -3.3284, 39.9636 -3.3292))",EPSG:4326,
20141215_mida,Water Bird Count,,minutes,,2014-12-15,08:45,Mida Creek,Africa,Kenya,KE,Kilifi,Mida Creek,-3.330189,39.967088,WGS84,"POLYGON ((39.9636 -3.3292, 39.9631 -3.3313, 39.9632 -3.3334, 39.9617 -3.3379, 39.9663 -3.3422, 39.9718 -3.3403, 39.9761 -3.3453, 39.978 -3.3495, 39.9886 -3.3435, 39.9847 -3.3382, 39.9833 -3.334, 39.9832 -3.3328, 39.9837 -3.3319, 39.985 -3.3301, 39.9863 -3.3289, 39.9879 -3.3265, 39.9901 -3.3244, 39.9881 -3.3208, 39.9843 -3.3209, 39.9816 -3.3211, 39.9788 -3.3213, 39.9758 -3.3219, 39.9725 -3.3229, 39.9698 -3.324, 39.9677 -3.3256, 39.9655 -3.3266, 39.9645 -3.3272, 39.9638 -3.3284, 39.9636 -3.3292))",EPSG:4326,
20141219_sabaki,Water Bird Count,255,minutes,,2014-12-19,07:45,Sabaki,Africa,Kenya,KE,Tana River,Sabaki,-3.16658,40.14167,WGS84,"POLYGON ((40.1295 -3.1563, 40.1303 -3.1576, 40.132 -3.1595, 40.1334 -3.1615, 40.1339 -3.1633, 40.1359 -3.1647, 40.1394 -3.1666, 40.1413 -3.1699, 40.1402 -3.1725, 40.1405 -3.1752, 40.144 -3.1781, 40.1459 -3.1763, 40.1484 -3.171, 40.1525 -3.1611, 40.149 -3.1583, 40.1467 -3.1581, 40.1454 -3.1574, 40.1424 -3.1545, 40.1389 -3.1541, 40.1349 -3.1522, 40.1328 -3.1529, 40.1335 -3.1565, 40.1344 -3.1584, 40.1338 -3.1589, 40.1328 -3.1575, 40.1311 -3.1553, 40.1295 -3.1563))",EPSG:4326,
20150117_mida,Water Bird Count,180,minutes,,2015-01-17,14:30,Mida Creek,Africa,Kenya,KE,Kilifi,Mida Creek,-3.330189,39.967088,WGS84,"POLYGON ((39.9636 -3.3292, 39.9631 -3.3313, 39.9632 -3.3334, 39.9617 -3.3379, 39.9663 -3.3422, 39.9718 -3.3403, 39.9761 -3.3453, 39.978 -3.3495, 39.9886 -3.3435, 39.9847 -3.3382, 39.9833 -3.334, 39.9832 -3.3328, 39.9837 -3.3319, 39.985 -3.3301, 39.9863 -3.3289, 39.9879 -3.3265, 39.9901 -3.3244, 39.9881 -3.3208, 39.9843 -3.3209, 39.9816 -3.3211, 39.9788 -3.3213, 39.9758 -3.3219, 39.9725 -3.3229, 39.9698 -3.324, 39.9677 -3.3256, 39.9655 -3.3266, 39.9645 -3.3272, 39.9638 -3.3284, 39.9636 -3.3292))",EPSG:4326,
20150117_sabaki,Water Bird Count,235,minutes,,2015-01-17,08:05,Sabaki,Africa,Kenya,KE,Tana River,Sabaki,-3.16658,40.14167,WGS84,"POLYGON ((40.1295 -3.1563, 40.1303 -3.1576, 40.132 -3.1595, 40.1334 -3.1615, 40.1339 -3.1633, 40.1359 -3.1647, 40.1394 -3.1666, 40.1413 -3.1699, 40.1402 -3.1725, 40.1405 -3.1752, 40.144 -3.1781, 40.1459 -3.1763, 40.1484 -3.171, 40.1525 -3.1611, 40.149 -3.1583, 40.1467 -3.1581, 40.1454 -3.1574, 40.1424 -3.1545, 40.1389 -3.1541, 40.1349 -3.1522, 40.1328 -3.1529, 40.1335 -3.1565, 40.1344 -3.1584, 40.1338 -3.1589, 40.1328 -3.1575, 40.1311 -3.1553, 40.1295 -3.1563))",EPSG:4326,
20150212_mida,Water Bird Count,,minutes,,2015-02-12,08:10,Mida Creek,Africa,Kenya,KE,Kilifi,Mida Creek,-3.330189,39.967088,WGS84,"POLYGON ((39.9636 -3.3292, 39.9631 -3.3313, 39.9632 -3.3334, 39.9617 -3.3379, 39.9663 -3.3422, 39.9718 -3.3403, 39.9761 -3.3453, 39.978 -3.3495, 39.9886 -3.3435, 39.9847 -3.3382, 39.9833 -3.334, 39.9832 -3.3328, 39.9837 -3.3319, 39.985 -3.3301, 39.9863 -3.3289, 39.9879 -3.3265, 39.9901 -3.3244, 39.9881 -3.3208, 39.9843 -3.3209, 39.9816 -3.3211, 39.9788 -3.3213, 39.9758 -3.3219, 39.9725 -3.3229, 39.9698 -3.324, 39.9677 -3.3256, 39.9655 -3.3266, 39.9645 -3.3272, 39.9638 -3.3284, 39.9636 -3.3292))",EPSG:4326,
20150217_sabaki,Water Bird Count,200,minutes,,2015-02-17,08:45,Sabaki,Africa,Kenya,KE,Tana River,Sabaki,-3.16658,40.14167,WGS84,"POLYGON ((40.1295 -3.1563, 40.1303 -3.1576, 40.132 -3.1595, 40.1334 -3.1615, 40.1339 -3.1633, 40.1359 -3.1647, 40.1394 -3.1666, 40.1413 -3.1699, 40.1402 -3.1725, 40.1405 -3.1752, 40.144 -3.1781, 40.1459 -3.1763, 40.1484 -3.171, 40.1525 -3.1611, 40.149 -3.1583, 40.1467 -3.1581, 40.1454 -3.1574, 40.1424 -3.1545, 40.1389 -3.1541, 40.1349 -3.1522, 40.1328 -3.1529, 40.1335 -3.1565, 40.1344 -3.1584, 40.1338 -3.1589, 40.1328 -3.1575, 40.1311 -3.1553, 40.1295 -3.1563))",EPSG:4326,
20150515_sabaki,Water Bird Count,235,minutes,,2015-05-15,07:50,Sabaki,Africa,Kenya,KE,Tana River,Sabaki,-3.16658,40.14167,WGS84,"POLYGON ((40.1295 -3.1563, 40.1303 -3.1576, 40.132 -3.1595, 40.1334 -3.1615, 40.1339 -3.1633, 40.1359 -3.1647, 40.1394 -3.1666, 40.1413 -3.1699, 40.1402 -3.1725, 40.1405 -3.1752, 40.144 -3.1781, 40.1459 -3.1763, 40.1484 -3.171, 40.1525 -3.1611, 40.149 -3.1583, 40.1467 -3.1581, 40.1454 -3.1574, 40.1424 -3.1545, 40.1389 -3.1541, 40.1349 -3.1522, 40.1328 -3.1529, 40.1335 -3.1565, 40.1344 -3.1584, 40.1338 -3.1589, 40.1328 -3.1575, 40.1311 -3.1553, 40.1295 -3.1563))",EPSG:4326,
20150526_mida,Water Bird Count,,minutes,,2015-05-26,09:10,Mida Creek,Africa,Kenya,KE,Kilifi,Mida Creek,-3.330189,39.967088,WGS84,"POLYGON ((39.9636 -3.3292, 39.9631 -3.3313, 39.9632 -3.3334, 39.9617 -3.3379, 39.9663 -3.3422, 39.9718 -3.3403, 39.9761 -3.3453, 39.978 -3.3495, 39.9886 -3.3435, 39.9847 -3.3382, 39.9833 -3.334, 39.9832 -3.3328, 39.9837 -3.3319, 39.985 -3.3301, 39.9863 -3.3289, 39.9879 -3.3265, 39.9901 -3.3244, 39.9881 -3.3208, 39.9843 -3.3209, 39.9816 -3.3211, 39.9788 -3.3213, 39.9758 -3.3219, 39.9725 -3.3229, 39.9698 -3.324, 39.9677 -3.3256, 39.9655 -3.3266, 39.9645 -3.3272, 39.9638 -3.3284, 39.9636 -3.3292))",EPSG:4326,
20150717_sabaki,Water Bird Count,250,minutes,,2015-07-17,09:20,Sabaki,Africa,Kenya,KE,Tana River,Sabaki,-3.16658,40.14167,WGS84,"POLYGON ((40.1295 -3.1563, 40.1303 -3.1576, 40.132 -3.1595, 40.1334 -3.1615, 40.1339 -3.1633, 40.1359 -3.1647, 40.1394 -3.1666, 40.1413 -3.1699, 40.1402 -3.1725, 40.1405 -3.1752, 40.144 -3.1781, 40.1459 -3.1763, 40.1484 -3.171, 40.1525 -3.1611, 40.149 -3.1583, 40.1467 -3.1581, 40.1454 -3.1574, 40.1424 -3.1545, 40.1389 -3.1541, 40.1349 -3.1522, 40.1328 -3.1529, 40.1335 -3.1565, 40.1344 -3.1584, 40.1338 -3.1589, 40.1328 -3.1575, 40.1311 -3.1553, 40.1295 -3.1563))",EPSG:4326,
20150723_mida,Water Bird Count,,minutes,,2015-07-23,,Mida Creek,Africa,Kenya,KE,Kilifi,Mida Creek,-3.330189,39.967088,WGS84,"POLYGON ((39.9636 -3.3292, 39.9631 -3.3313, 39.9632 -3.3334, 39.9617 -3.3379, 39.9663 -3.3422, 39.9718 -3.3403, 39.9761 -3.3453, 39.978 -3.3495, 39.9886 -3.3435, 39.9847 -3.3382, 39.9833 -3.334, 39.9832 -3.3328, 39.9837 -3.3319, 39.985 -3.3301, 39.9863 -3.3289, 39.9879 -3.3265, 39.9901 -3.3244, 39.9881 -3.3208, 39.9843 -3.3209, 39.9816 -3.3211, 39.9788 -3.3213, 39.9758 -3.3219, 39.9725 -3.3229, 39.9698 -3.324, 39.9677 -3.3256, 39.9655 -3.3266, 39.9645 -3.3272, 39.9638 -3.3284, 39.9636 -3.3292))",EPSG:4326,
20150824_mida,Water Bird Count,,minutes,,2015-08-24,,Mida Creek,Africa,Kenya,KE,Kilifi,Mida Creek,-3.330189,39.967088,WGS84,"POLYGON ((39.9636 -3.3292, 39.9631 -3.3313, 39.9632 -3.3334, 39.9617 -3.3379, 39.9663 -3.3422, 39.9718 -3.3403, 39.9761 -3.3453, 39.978 -3.3495, 39.9886 -3.3435, 39.9847 -3.3382, 39.9833 -3.334, 39.9832 -3.3328, 39.9837 -3.3319, 39.985 -3.3301, 39.9863 -3.3289, 39.9879 -3.3265, 39.9901 -3.3244, 39.9881 -3.3208, 39.9843 -3.3209, 39.9816 -3.3211, 39.9788 -3.3213, 39.9758 -3.3219, 39.9725 -3.3229, 39.9698 -3.324, 39.9677 -3.3256, 39.9655 -3.3266, 39.9645 -3.3272, 39.9638 -3.3284, 39.9636 -3.3292))",EPSG:4326,
20150917_mida,Water Bird Count,140,minutes,,2015-09-17,13:50,Mida Creek,Africa,Kenya,KE,Kilifi,Mida Creek,-3.330189,39.967088,WGS84,"POLYGON ((39.9636 -3.3292, 39.9631 -3.3313, 39.9632 -3.3334, 39.9617 -3.3379, 39.9663 -3.3422, 39.9718 -3.3403, 39.9761 -3.3453, 39.978 -3.3495, 39.9886 -3.3435, 39.9847 -3.3382, 39.9833 -3.334, 39.9832 -3.3328, 39.9837 -3.3319, 39.985 -3.3301, 39.9863 -3.3289, 39.9879 -3.3265, 39.9901 -3.3244, 39.9881 -3.3208, 39.9843 -3.3209, 39.9816 -3.3211, 39.9788 -3.3213, 39.9758 -3.3219, 39.9725 -3.3229, 39.9698 -3.324, 39.9677 -3.3256, 39.9655 -3.3266, 39.9645 -3.3272, 39.9638 -3.3284, 39.9636 -3.3292))",EPSG:4326,"{""tidal"":""Low tide"",""weather"":""Moderate effect on count""}"
20150929_sabaki,Water Bird Count,170,minutes,,2015-09-29,09:40,Sabaki,Africa,Kenya,KE,Tana River,Sabaki,-3.16658,40.14167,WGS84,"POLYGON ((40.1295 -3.1563, 40.1303 -3.1576, 40.132 -3.1595, 40.1334 -3.1615, 40.1339 -3.1633, 40.1359 -3.1647, 40.1394 -3.1666, 40.1413 -3.1699, 40.1402 -3.1725, 40.1405 -3.1752, 40.144 -3.1781, 40.1459 -3.1763, 40.1484 -3.171, 40.1525 -3.1611, 40.149 -3.1583, 40.1467 -3.1581, 40.1454 -3.1574, 40.1424 -3.1545, 40.1389 -3.1541, 40.1349 -3.1522, 40.1328 -3.1529, 40.1335 -3.1565, 40.1344 -3.1584, 40.1338 -3.1589, 40.1328 -3.1575, 40.1311 -3.1553, 40.1295 -3.1563))",EPSG:4326,
20151104_mida,Water Bird Count,66,minutes,,2015-11-04,08:30,Mida Creek,Africa,Kenya,KE,Kilifi,Mida Creek,-3.330189,39.967088,WGS84,"POLYGON ((39.9636 -3.3292, 39.9631 -3.3313, 39.9632 -3.3334, 39.9617 -3.3379, 39.9663 -3.3422, 39.9718 -3.3403, 39.9761 -3.3453, 39.978 -3.3495, 39.9886 -3.3435, 39.9847 -3.3382, 39.9833 -3.334, 39.9832 -3.3328, 39.9837 -3.3319, 39.985 -3.3301, 39.9863 -3.3289, 39.9879 -3.3265, 39.9901 -3.3244, 39.9881 -3.3208, 39.9843 -3.3209, 39.9816 -3.3211, 39.9788 -3.3213, 39.9758 -3.3219, 39.9725 -3.3229, 39.9698 -3.324, 39.9677 -3.3256, 39.9655 -3.3266, 39.9645 -3.3272, 39.9638 -3.3284, 39.9636 -3.3292))",EPSG:4326,
20151124_sabaki,Water Bird Count,280,minutes,,2015-11-24,07:40,Sabaki,Africa,Kenya,KE,Tana River,Sabaki,-3.16658,40.14167,WGS84,"POLYGON ((40.1295 -3.1563, 40.1303 -3.1576, 40.132 -3.1595, 40.1334 -3.1615, 40.1339 -3.1633, 40.1359 -3.1647, 40.1394 -3.1666, 40.1413 -3.1699, 40.1402 -3.1725, 40.1405 -3.1752, 40.144 -3.1781, 40.1459 -3.1763, 40.1484 -3.171, 40.1525 -3.1611, 40.149 -3.1583, 40.1467 -3.1581, 40.1454 -3.1574, 40.1424 -3.1545, 40.1389 -3.1541, 40.1349 -3.1522, 40.1328 -3.1529, 40.1335 -3.1565, 40.1344 -3.1584, 40.1338 -3.1589, 40.1328 -3.1575, 40.1311 -3.1553, 40.1295 -3.1563))",EPSG:4326,
20160120_mida,Water Bird Count,105,minutes,,2016-01-20,13:30,Mida Creek,Africa,Kenya,KE,Kilifi,Mida Creek,-3.330189,39.967088,WGS84,"POLYGON ((39.9636 -3.3292, 39.9631 -3.3313, 39.9632 -3.3334, 39.9617 -3.3379, 39.9663 -3.3422, 39.9718 -3.3403, 39.9761 -3.3453, 39.978 -3.3495, 39.9886 -3.3435, 39.9847 -3.3382, 39.9833 -3.334, 39.9832 -3.3328, 39.9837 -3.3319, 39.985 -3.3301, 39.9863 -3.3289, 39.9879 -3.3265, 39.9901 -3.3244, 39.9881 -3.3208, 39.9843 -3.3209, 39.9816 -3.3211, 39.9788 -3.3213, 39.9758 -3.3219, 39.9725 -3.3229, 39.9698 -3.324, 39.9677 -3.3256, 39.9655 -3.3266, 39.9645 -3.3272, 39.9638 -3.3284, 39.9636 -3.3292))",EPSG:4326,
20160123_sabaki,Water Bird Count,323,minutes,,2016-01-23,09:15,Sabaki,Africa,Kenya,KE,Tana River,Sabaki,-3.16658,40.14167,WGS84,"POLYGON ((40.1295 -3.1563, 40.1303 -3.1576, 40.132 -3.1595, 40.1334 -3.1615, 40.1339 -3.1633, 40.1359 -3.1647, 40.1394 -3.1666, 40.1413 -3.1699, 40.1402 -3.1725, 40.1405 -3.1752, 40.144 -3.1781, 40.1459 -3.1763, 40.1484 -3.171, 40.1525 -3.1611, 40.149 -3.1583, 40.1467 -3.1581, 40.1454 -3.1574, 40.1424 -3.1545, 40.1389 -3.1541, 40.1349 -3.1522, 40.1328 -3.1529, 40.1335 -3.1565, 40.1344 -3.1584, 40.1338 -3.1589, 40.1328 -3.1575, 40.1311 -3.1553, 40.1295 -3.1563))",EPSG:4326,
20161027_sabaki,Water Bird Count,210,minutes,,2016-10-27,08:00,Sabaki,Africa,Kenya,KE,Tana River,Sabaki,-3.16658,40.14167,WGS84,"POLYGON ((40.1295 -3.1563, 40.1303 -3.1576, 40.132 -3.1595, 40.1334 -3.1615, 40.1339 -3.1633, 40.1359 -3.1647, 40.1394 -3.1666, 40.1413 -3.1699, 40.1402 -3.1725, 40.1405 -3.1752, 40.144 -3.1781, 40.1459 -3.1763, 40.1484 -3.171, 40.1525 -3.1611, 40.149 -3.1583, 40.1467 -3.1581, 40.1454 -3.1574, 40.1424 -3.1545, 40.1389 -3.1541, 40.1349 -3.1522, 40.1328 -3.1529, 40.1335 -3.1565, 40.1344 -3.1584, 40.1338 -3.1589, 40.1328 -3.1575, 40.1311 -3.1553, 40.1295 -3.1563))",EPSG:4326,
20170120_mida,Water Bird Count,128,minutes,"Excellent, 75-99%",2017-01-20,09:30,Mida Creek,Africa,Kenya,KE,Kilifi,Mida Creek,-3.330189,39.967088,WGS84,"POLYGON ((39.9636 -3.3292, 39.9631 -3.3313, 39.9632 -3.3334, 39.9617 -3.3379, 39.9663 -3.3422, 39.9718 -3.3403, 39.9761 -3.3453, 39.978 -3.3495, 39.9886 -3.3435, 39.9847 -3.3382, 39.9833 -3.334, 39.9832 -3.3328, 39.9837 -3.3319, 39.985 -3.3301, 39.9863 -3.3289, 39.9879 -3.3265, 39.9901 -3.3244, 39.9881 -3.3208, 39.9843 -3.3209, 39.9816 -3.3211, 39.9788 -3.3213, 39.9758 -3.3219, 39.9725 -3.3229, 39.9698 -3.324, 39.9677 -3.3256, 39.9655 -3.3266, 39.9645 -3.3272, 39.9638 -3.3284, 39.9636 -3.3292))",EPSG:4326,"{""method"":""Foot or vehicle and used telescope"",""disturbed"":""No effect"",""coverage"":""Excellent, 75-99%"",""participants"":""MA, KL,  MX3, KX1, KM, JB""}"
20170120_sabaki,Water Bird Count,244,minutes,"Excellent, 75-99%",2017-01-20,13:24,Sabaki,Africa,Kenya,KE,Tana River,Sabaki,-3.16658,40.14167,WGS84,"POLYGON ((40.1295 -3.1563, 40.1303 -3.1576, 40.132 -3.1595, 40.1334 -3.1615, 40.1339 -3.1633, 40.1359 -3.1647, 40.1394 -3.1666, 40.1413 -3.1699, 40.1402 -3.1725, 40.1405 -3.1752, 40.144 -3.1781, 40.1459 -3.1763, 40.1484 -3.171, 40.1525 -3.1611, 40.149 -3.1583, 40.1467 -3.1581, 40.1454 -3.1574, 40.1424 -3.1545, 40.1389 -3.1541, 40.1349 -3.1522, 40.1328 -3.1529, 40.1335 -3.1565, 40.1344 -3.1584, 40.1338 -3.1589, 40.1328 -3.1575, 40.1311 -3.1553, 40.1295 -3.1563))",EPSG:4326,"{""method"":""Foot or vehicle and used telescope"",""disturbed"":""Disturbed (unqualified)"",""coverage"":""Excellent, 75-99%"",""participants"":""KL, MA, KX1, KM, MX3""}"
20170311_sabaki,Water Bird Count,,minutes,,2017-03-11,08:07,Sabaki,Africa,Kenya,KE,Tana River,Sabaki,-3.16658,40.14167,WGS84,"POLYGON ((40.1295 -3.1563, 40.1303 -3.1576, 40.132 -3.1595, 40.1334 -3.1615, 40.1339 -3.1633, 40.1359 -3.1647, 40.1394 -3.1666, 40.1413 -3.1699, 40.1402 -3.1725, 40.1405 -3.1752, 40.144 -3.1781, 40.1459 -3.1763, 40.1484 -3.171, 40.1525 -3.1611, 40.149 -3.1583, 40.1467 -3.1581, 40.1454 -3.1574, 40.1424 -3.1545, 40.1389 -3.1541, 40.1349 -3.1522, 40.1328 -3.1529, 40.1335 -3.1565, 40.1344 -3.1584, 40.1338 -3.1589, 40.1328 -3.1575, 40.1311 -3.1553, 40.1295 -3.1563))",EPSG:4326,
20170602_mida,Water Bird Count,42,minutes,,2017-06-02,10:30,Mida Creek,Africa,Kenya,KE,Kilifi,Mida Creek,-3.330189,39.967088,WGS84,"POLYGON ((39.9636 -3.3292, 39.9631 -3.3313, 39.9632 -3.3334, 39.9617 -3.3379, 39.9663 -3.3422, 39.9718 -3.3403, 39.9761 -3.3453, 39.978 -3.3495, 39.9886 -3.3435, 39.9847 -3.3382, 39.9833 -3.334, 39.9832 -3.3328, 39.9837 -3.3319, 39.985 -3.3301, 39.9863 -3.3289, 39.9879 -3.3265, 39.9901 -3.3244, 39.9881 -3.3208, 39.9843 -3.3209, 39.9816 -3.3211, 39.9788 -3.3213, 39.9758 -3.3219, 39.9725 -3.3229, 39.9698 -3.324, 39.9677 -3.3256, 39.9655 -3.3266, 39.9645 -3.3272, 39.9638 -3.3284, 39.9636 -3.3292))",EPSG:4326,
20170831_mida,Water Bird Count,60,minutes,,2017-08-31,11:30,Mida Creek,Africa,Kenya,KE,Kilifi,Mida Creek,-3.330189,39.967088,WGS84,"POLYGON ((39.9636 -3.3292, 39.9631 -3.3313, 39.9632 -3.3334, 39.9617 -3.3379, 39.9663 -3.3422, 39.9718 -3.3403, 39.9761 -3.3453, 39.978 -3.3495, 39.9886 -3.3435, 39.9847 -3.3382, 39.9833 -3.334, 39.9832 -3.3328, 39.9837 -3.3319, 39.985 -3.3301, 39.9863 -3.3289, 39.9879 -3.3265, 39.9901 -3.3244, 39.9881 -3.3208, 39.9843 -3.3209, 39.9816 -3.3211, 39.9788 -3.3213, 39.9758 -3.3219, 39.9725 -3.3229, 39.9698 -3.324, 39.9677 -3.3256, 39.9655 -3.3266, 39.9645 -3.3272, 39.9638 -3.3284, 39.9636 -3.3292))",EPSG:4326,
20170901_mida,Water Bird Count,,minutes,,2017-09-01,,Mida Creek,Africa,Kenya,KE,Kilifi,Mida Creek,-3.330189,39.967088,WGS84,"POLYGON ((39.9636 -3.3292, 39.9631 -3.3313, 39.9632 -3.3334, 39.9617 -3.3379, 39.9663 -3.3422, 39.9718 -3.3403, 39.9761 -3.3453, 39.978 -3.3495, 39.9886 -3.3435, 39.9847 -3.3382, 39.9833 -3.334, 39.9832 -3.3328, 39.9837 -3.3319, 39.985 -3.3301, 39.9863 -3.3289, 39.9879 -3.3265, 39.9901 -3.3244, 39.9881 -3.3208, 39.9843 -3.3209, 39.9816 -3.3211, 39.9788 -3.3213, 39.9758 -3.3219, 39.9725 -3.3229, 39.9698 -3.324, 39.9677 -3.3256, 39.9655 -3.3266, 39.9645 -3.3272, 39.9638 -3.3284, 39.9636 -3.3292))",EPSG:4326,
20171028_mida,Water Bird Count,65,minutes,"Good, 50-75%",2017-10-28,08:45,Mida Creek,Africa,Kenya,KE,Kilifi,Mida Creek,-3.330189,39.967088,WGS84,"POLYGON ((39.9636 -3.3292, 39.9631 -3.3313, 39.9632 -3.3334, 39.9617 -3.3379, 39.9663 -3.3422, 39.9718 -3.3403, 39.9761 -3.3453, 39.978 -3.3495, 39.9886 -3.3435, 39.9847 -3.3382, 39.9833 -3.334, 39.9832 -3.3328, 39.9837 -3.3319, 39.985 -3.3301, 39.9863 -3.3289, 39.9879 -3.3265, 39.9901 -3.3244, 39.9881 -3.3208, 39.9843 -3.3209, 39.9816 -3.3211, 39.9788 -3.3213, 39.9758 -3.3219, 39.9725 -3.3229, 39.9698 -3.324, 39.9677 -3.3256, 39.9655 -3.3266, 39.9645 -3.3272, 39.9638 -3.3284, 39.9636 -3.3292))",EPSG:4326,"{""weather"":""No effect on count"",""disturbed"":""Strong effect"",""coverage"":""Good, 50-75%"",""participants"":""HM2,JA2""}"
20171212_mida,Water Bird Count,115,minutes,,2017-12-12,11:15,Mida Creek,Africa,Kenya,KE,Kilifi,Mida Creek,-3.330189,39.967088,WGS84,"POLYGON ((39.9636 -3.3292, 39.9631 -3.3313, 39.9632 -3.3334, 39.9617 -3.3379, 39.9663 -3.3422, 39.9718 -3.3403, 39.9761 -3.3453, 39.978 -3.3495, 39.9886 -3.3435, 39.9847 -3.3382, 39.9833 -3.334, 39.9832 -3.3328, 39.9837 -3.3319, 39.985 -3.3301, 39.9863 -3.3289, 39.9879 -3.3265, 39.9901 -3.3244, 39.9881 -3.3208, 39.9843 -3.3209, 39.9816 -3.3211, 39.9788 -3.3213, 39.9758 -3.3219, 39.9725 -3.3229, 39.9698 -3.324, 39.9677 -3.3256, 39.9655 -3.3266, 39.9645 -3.3272, 39.9638 -3.3284, 39.9636 -3.3292))",EPSG:4326,
20180130_sabaki,Water Bird Count,240,minutes,"Excellent, 75-99%",2018-01-30,08:00,Sabaki,Africa,Kenya,KE,Tana River,Sabaki,-3.16658,40.14167,WGS84,"POLYGON ((40.1295 -3.1563, 40.1303 -3.1576, 40.132 -3.1595, 40.1334 -3.1615, 40.1339 -3.1633, 40.1359 -3.1647, 40.1394 -3.1666, 40.1413 -3.1699, 40.1402 -3.1725, 40.1405 -3.1752, 40.144 -3.1781, 40.1459 -3.1763, 40.1484 -3.171, 40.1525 -3.1611, 40.149 -3.1583, 40.1467 -3.1581, 40.1454 -3.1574, 40.1424 -3.1545, 40.1389 -3.1541, 40.1349 -3.1522, 40.1328 -3.1529, 40.1335 -3.1565, 40.1344 -3.1584, 40.1338 -3.1589, 40.1328 -3.1575, 40.1311 -3.1553, 40.1295 -3.1563))",EPSG:4326,"{""method"":""Foot or vehicle and used telescope"",""tidal"":""Low tide"",""weather"":""No effect on count"",""disturbed"":""Strong effect"",""coverage"":""Excellent, 75-99%"",""participants"":""CJ""}"
20180220_mida,Water Bird Count,110,minutes,,2018-02-20,13:50,Mida Creek,Africa,Kenya,KE,Kilifi,Mida Creek,-3.330189,39.967088,WGS84,"POLYGON ((39.9636 -3.3292, 39.9631 -3.3313, 39.9632 -3.3334, 39.9617 -3.3379, 39.9663 -3.3422, 39.9718 -3.3403, 39.9761 -3.3453, 39.978 -3.3495, 39.9886 -3.3435, 39.9847 -3.3382, 39.9833 -3.334, 39.9832 -3.3328, 39.9837 -3.3319, 39.985 -3.3301, 39.9863 -3.3289, 39.9879 -3.3265, 39.9901 -3.3244, 39.9881 -3.3208, 39.9843 -3.3209, 39.9816 -3.3211, 39.9788 -3.3213, 39.9758 -3.3219, 39.9725 -3.3229, 39.9698 -3.324, 39.9677 -3.3256, 39.9655 -3.3266, 39.9645 -3.3272, 39.9638 -3.3284, 39.9636 -3.3292))",EPSG:4326,
20180222_mida,Water Bird Count,153,minutes,,2018-02-22,09:22,Mida Creek,Africa,Kenya,KE,Kilifi,Mida Creek,-3.330189,39.967088,WGS84,"POLYGON ((39.9636 -3.3292, 39.9631 -3.3313, 39.9632 -3.3334, 39.9617 -3.3379, 39.9663 -3.3422, 39.9718 -3.3403, 39.9761 -3.3453, 39.978 -3.3495, 39.9886 -3.3435, 39.9847 -3.3382, 39.9833 -3.334, 39.9832 -3.3328, 39.9837 -3.3319, 39.985 -3.3301, 39.9863 -3.3289, 39.9879 -3.3265, 39.9901 -3.3244, 39.9881 -3.3208, 39.9843 -3.3209, 39.9816 -3.3211, 39.9788 -3.3213, 39.9758 -3.3219, 39.9725 -3.3229, 39.9698 -3.324, 39.9677 -3.3256, 39.9655 -3.3266, 39.9645 -3.3272, 39.9638 -3.3284, 39.9636 -3.3292))",EPSG:4326,
20180309_mida,Water Bird Count,99,minutes,,2018-03-09,09:00,Mida Creek,Africa,Kenya,KE,Kilifi,Mida Creek,-3.330189,39.967088,WGS84,"POLYGON ((39.9636 -3.3292, 39.9631 -3.3313, 39.9632 -3.3334, 39.9617 -3.3379, 39.9663 -3.3422, 39.9718 -3.3403, 39.9761 -3.3453, 39.978 -3.3495, 39.9886 -3.3435, 39.9847 -3.3382, 39.9833 -3.334, 39.9832 -3.3328, 39.9837 -3.3319, 39.985 -3.3301, 39.9863 -3.3289, 39.9879 -3.3265, 39.9901 -3.3244, 39.9881 -3.3208, 39.9843 -3.3209, 39.9816 -3.3211, 39.9788 -3.3213, 39.9758 -3.3219, 39.9725 -3.3229, 39.9698 -3.324, 39.9677 -3.3256, 39.9655 -3.3266, 39.9645 -3.3272, 39.9638 -3.3284, 39.9636 -3.3292))",EPSG:4326,
20180329_sabaki,Water Bird Count,185,minutes,,2018-03-29,08:25,Sabaki,Africa,Kenya,KE,Tana River,Sabaki,-3.16658,40.14167,WGS84,"POLYGON ((40.1295 -3.1563, 40.1303 -3.1576, 40.132 -3.1595, 40.1334 -3.1615, 40.1339 -3.1633, 40.1359 -3.1647, 40.1394 -3.1666, 40.1413 -3.1699, 40.1402 -3.1725, 40.1405 -3.1752, 40.144 -3.1781, 40.1459 -3.1763, 40.1484 -3.171, 40.1525 -3.1611, 40.149 -3.1583, 40.1467 -3.1581, 40.1454 -3.1574, 40.1424 -3.1545, 40.1389 -3.1541, 40.1349 -3.1522, 40.1328 -3.1529, 40.1335 -3.1565, 40.1344 -3.1584, 40.1338 -3.1589, 40.1328 -3.1575, 40.1311 -3.1553, 40.1295 -3.1563))",EPSG:4326,
20180411_mida,Water Bird Count,167,minutes,,2018-04-11,13:38,Mida Creek,Africa,Kenya,KE,Kilifi,Mida Creek,-3.330189,39.967088,WGS84,"POLYGON ((39.9636 -3.3292, 39.9631 -3.3313, 39.9632 -3.3334, 39.9617 -3.3379, 39.9663 -3.3422, 39.9718 -3.3403, 39.9761 -3.3453, 39.978 -3.3495, 39.9886 -3.3435, 39.9847 -3.3382, 39.9833 -3.334, 39.9832 -3.3328, 39.9837 -3.3319, 39.985 -3.3301, 39.9863 -3.3289, 39.9879 -3.3265, 39.9901 -3.3244, 39.9881 -3.3208, 39.9843 -3.3209, 39.9816 -3.3211, 39.9788 -3.3213, 39.9758 -3.3219, 39.9725 -3.3229, 39.9698 -3.324, 39.9677 -3.3256, 39.9655 -3.3266, 39.9645 -3.3272, 39.9638 -3.3284, 39.9636 -3.3292))",EPSG:4326,
20180416_sabaki,Water Bird Count,150,minutes,,2018-04-16,09:00,Sabaki,Africa,Kenya,KE,Tana River,Sabaki,-3.16658,40.14167,WGS84,"POLYGON ((40.1295 -3.1563, 40.1303 -3.1576, 40.132 -3.1595, 40.1334 -3.1615, 40.1339 -3.1633, 40.1359 -3.1647, 40.1394 -3.1666, 40.1413 -3.1699, 40.1402 -3.1725, 40.1405 -3.1752, 40.144 -3.1781, 40.1459 -3.1763, 40.1484 -3.171, 40.1525 -3.1611, 40.149 -3.1583, 40.1467 -3.1581, 40.1454 -3.1574, 40.1424 -3.1545, 40.1389 -3.1541, 40.1349 -3.1522, 40.1328 -3.1529, 40.1335 -3.1565, 40.1344 -3.1584, 40.1338 -3.1589, 40.1328 -3.1575, 40.1311 -3.1553, 40.1295 -3.1563))",EPSG:4326,
20180510_mida,Water Bird Count,120,minutes,,2018-05-10,13:20,Mida Creek,Africa,Kenya,KE,Kilifi,Mida Creek,-3.330189,39.967088,WGS84,"POLYGON ((39.9636 -3.3292, 39.9631 -3.3313, 39.9632 -3.3334, 39.9617 -3.3379, 39.9663 -3.3422, 39.9718 -3.3403, 39.9761 -3.3453, 39.978 -3.3495, 39.9886 -3.3435, 39.9847 -3.3382, 39.9833 -3.334, 39.9832 -3.3328, 39.9837 -3.3319, 39.985 -3.3301, 39.9863 -3.3289, 39.9879 -3.3265, 39.9901 -3.3244, 39.9881 -3.3208, 39.9843 -3.3209, 39.9816 -3.3211, 39.9788 -3.3213, 39.9758 -3.3219, 39.9725 -3.3229, 39.9698 -3.324, 39.9677 -3.3256, 39.9655 -3.3266, 39.9645 -3.3272, 39.9638 -3.3284, 39.9636 -3.3292))",EPSG:4326,
20180515_sabaki,Water Bird Count,180,minutes,,2018-05-15,08:30,Sabaki,Africa,Kenya,KE,Tana River,Sabaki,-3.16658,40.14167,WGS84,"POLYGON ((40.1295 -3.1563, 40.1303 -3.1576, 40.132 -3.1595, 40.1334 -3.1615, 40.1339 -3.1633, 40.1359 -3.1647, 40.1394 -3.1666, 40.1413 -3.1699, 40.1402 -3.1725, 40.1405 -3.1752, 40.144 -3.1781, 40.1459 -3.1763, 40.1484 -3.171, 40.1525 -3.1611, 40.149 -3.1583, 40.1467 -3.1581, 40.1454 -3.1574, 40.1424 -3.1545, 40.1389 -3.1541, 40.1349 -3.1522, 40.1328 -3.1529, 40.1335 -3.1565, 40.1344 -3.1584, 40.1338 -3.1589, 40.1328 -3.1575, 40.1311 -3.1553, 40.1295 -3.1563))",EPSG:4326,
20180606_mida,Water Bird Count,60,minutes,,2018-06-06,09:30,Mida Creek,Africa,Kenya,KE,Kilifi,Mida Creek,-3.330189,39.967088,WGS84,"POLYGON ((39.9636 -3.3292, 39.9631 -3.3313, 39.9632 -3.3334, 39.9617 -3.3379, 39.9663 -3.3422, 39.9718 -3.3403, 39.9761 -3.3453, 39.978 -3.3495, 39.9886 -3.3435, 39.9847 -3.3382, 39.9833 -3.334, 39.9832 -3.3328, 39.9837 -3.3319, 39.985 -3.3301, 39.9863 -3.3289, 39.9879 -3.3265, 39.9901 -3.3244, 39.9881 -3.3208, 39.9843 -3.3209, 39.9816 -3.3211, 39.9788 -3.3213, 39.9758 -3.3219, 39.9725 -3.3229, 39.9698 -3.324, 39.9677 -3.3256, 39.9655 -3.3266, 39.9645 -3.3272, 39.9638 -3.3284, 39.9636 -3.3292))",EPSG:4326,
20180622_sabaki,Water Bird Count,,minutes,,2018-06-22,07:30,Sabaki,Africa,Kenya,KE,Tana River,Sabaki,-3.16658,40.14167,WGS84,"POLYGON ((40.1295 -3.1563, 40.1303 -3.1576, 40.132 -3.1595, 40.1334 -3.1615, 40.1339 -3.1633, 40.1359 -3.1647, 40.1394 -3.1666, 40.1413 -3.1699, 40.1402 -3.1725, 40.1405 -3.1752, 40.144 -3.1781, 40.1459 -3.1763, 40.1484 -3.171, 40.1525 -3.1611, 40.149 -3.1583, 40.1467 -3.1581, 40.1454 -3.1574, 40.1424 -3.1545, 40.1389 -3.1541, 40.1349 -3.1522, 40.1328 -3.1529, 40.1335 -3.1565, 40.1344 -3.1584, 40.1338 -3.1589, 40.1328 -3.1575, 40.1311 -3.1553, 40.1295 -3.1563))",EPSG:4326,
20180706_mida,Water Bird Count,129,minutes,,2018-07-06,08:06,Mida Creek,Africa,Kenya,KE,Kilifi,Mida Creek,-3.330189,39.967088,WGS84,"POLYGON ((39.9636 -3.3292, 39.9631 -3.3313, 39.9632 -3.3334, 39.9617 -3.3379, 39.9663 -3.3422, 39.9718 -3.3403, 39.9761 -3.3453, 39.978 -3.3495, 39.9886 -3.3435, 39.9847 -3.3382, 39.9833 -3.334, 39.9832 -3.3328, 39.9837 -3.3319, 39.985 -3.3301, 39.9863 -3.3289, 39.9879 -3.3265, 39.9901 -3.3244, 39.9881 -3.3208, 39.9843 -3.3209, 39.9816 -3.3211, 39.9788 -3.3213, 39.9758 -3.3219, 39.9725 -3.3229, 39.9698 -3.324, 39.9677 -3.3256, 39.9655 -3.3266, 39.9645 -3.3272, 39.9638 -3.3284, 39.9636 -3.3292))",EPSG:4326,
20180713_sabaki,Water Bird Count,211,minutes,,2018-07-13,09:21,Sabaki,Africa,Kenya,KE,Tana River,Sabaki,-3.16658,40.14167,WGS84,"POLYGON ((40.1295 -3.1563, 40.1303 -3.1576, 40.132 -3.1595, 40.1334 -3.1615, 40.1339 -3.1633, 40.1359 -3.1647, 40.1394 -3.1666, 40.1413 -3.1699, 40.1402 -3.1725, 40.1405 -3.1752, 40.144 -3.1781, 40.1459 -3.1763, 40.1484 -3.171, 40.1525 -3.1611, 40.149 -3.1583, 40.1467 -3.1581, 40.1454 -3.1574, 40.1424 -3.1545, 40.1389 -3.1541, 40.1349 -3.1522, 40.1328 -3.1529, 40.1335 -3.1565, 40.1344 -3.1584, 40.1338 -3.1589, 40.1328 -3.1575, 40.1311 -3.1553, 40.1295 -3.1563))",EPSG:4326,
20180810_sabaki,Water Bird Count,250,minutes,,2018-08-10,07:50,Sabaki,Africa,Kenya,KE,Tana River,Sabaki,-3.16658,40.14167,WGS84,"POLYGON ((40.1295 -3.1563, 40.1303 -3.1576, 40.132 -3.1595, 40.1334 -3.1615, 40.1339 -3.1633, 40.1359 -3.1647, 40.1394 -3.1666, 40.1413 -3.1699, 40.1402 -3.1725, 40.1405 -3.1752, 40.144 -3.1781, 40.1459 -3.1763, 40.1484 -3.171, 40.1525 -3.1611, 40.149 -3.1583, 40.1467 -3.1581, 40.1454 -3.1574, 40.1424 -3.1545, 40.1389 -3.1541, 40.1349 -3.1522, 40.1328 -3.1529, 40.1335 -3.1565, 40.1344 -3.1584, 40.1338 -3.1589, 40.1328 -3.1575, 40.1311 -3.1553, 40.1295 -3.1563))",EPSG:4326,
20180820_mida,Water Bird Count,108,minutes,,2018-08-20,10:30,Mida Creek,Africa,Kenya,KE,Kilifi,Mida Creek,-3.330189,39.967088,WGS84,"POLYGON ((39.9636 -3.3292, 39.9631 -3.3313, 39.9632 -3.3334, 39.9617 -3.3379, 39.9663 -3.3422, 39.9718 -3.3403, 39.9761 -3.3453, 39.978 -3.3495, 39.9886 -3.3435, 39.9847 -3.3382, 39.9833 -3.334, 39.9832 -3.3328, 39.9837 -3.3319, 39.985 -3.3301, 39.9863 -3.3289, 39.9879 -3.3265, 39.9901 -3.3244, 39.9881 -3.3208, 39.9843 -3.3209, 39.9816 -3.3211, 39.9788 -3.3213, 39.9758 -3.3219, 39.9725 -3.3229, 39.9698 -3.324, 39.9677 -3.3256, 39.9655 -3.3266, 39.9645 -3.3272, 39.9638 -3.3284, 39.9636 -3.3292))",EPSG:4326,
20180918_mida,Water Bird Count,135,minutes,,2018-09-18,09:30,Mida Creek,Africa,Kenya,KE,Kilifi,Mida Creek,-3.330189,39.967088,WGS84,"POLYGON ((39.9636 -3.3292, 39.9631 -3.3313, 39.9632 -3.3334, 39.9617 -3.3379, 39.9663 -3.3422, 39.9718 -3.3403, 39.9761 -3.3453, 39.978 -3.3495, 39.9886 -3.3435, 39.9847 -3.3382, 39.9833 -3.334, 39.9832 -3.3328, 39.9837 -3.3319, 39.985 -3.3301, 39.9863 -3.3289, 39.9879 -3.3265, 39.9901 -3.3244, 39.9881 -3.3208, 39.9843 -3.3209, 39.9816 -3.3211, 39.9788 -3.3213, 39.9758 -3.3219, 39.9725 -3.3229, 39.9698 -3.324, 39.9677 -3.3256, 39.9655 -3.3266, 39.9645 -3.3272, 39.9638 -3.3284, 39.9636 -3.3292))",EPSG:4326,
20180925_sabaki,Water Bird Count,248,minutes,,2018-09-25,08:40,Sabaki,Africa,Kenya,KE,Tana River,Sabaki,-3.16658,40.14167,WGS84,"POLYGON ((40.1295 -3.1563, 40.1303 -3.1576, 40.132 -3.1595, 40.1334 -3.1615, 40.1339 -3.1633, 40.1359 -3.1647, 40.1394 -3.1666, 40.1413 -3.1699, 40.1402 -3.1725, 40.1405 -3.1752, 40.144 -3.1781, 40.1459 -3.1763, 40.1484 -3.171, 40.1525 -3.1611, 40.149 -3.1583, 40.1467 -3.1581, 40.1454 -3.1574, 40.1424 -3.1545, 40.1389 -3.1541, 40.1349 -3.1522, 40.1328 -3.1529, 40.1335 -3.1565, 40.1344 -3.1584, 40.1338 -3.1589, 40.1328 -3.1575, 40.1311 -3.1553, 40.1295 -3.1563))",EPSG:4326,
20181017_mida,Water Bird Count,120,minutes,,2018-10-17,08:00,Mida Creek,Africa,Kenya,KE,Kilifi,Mida Creek,-3.330189,39.967088,WGS84,"POLYGON ((39.9636 -3.3292, 39.9631 -3.3313, 39.9632 -3.3334, 39.9617 -3.3379, 39.9663 -3.3422, 39.9718 -3.3403, 39.9761 -3.3453, 39.978 -3.3495, 39.9886 -3.3435, 39.9847 -3.3382, 39.9833 -3.334, 39.9832 -3.3328, 39.9837 -3.3319, 39.985 -3.3301, 39.9863 -3.3289, 39.9879 -3.3265, 39.9901 -3.3244, 39.9881 -3.3208, 39.9843 -3.3209, 39.9816 -3.3211, 39.9788 -3.3213, 39.9758 -3.3219, 39.9725 -3.3229, 39.9698 -3.324, 39.9677 -3.3256, 39.9655 -3.3266, 39.9645 -3.3272, 39.9638 -3.3284, 39.9636 -3.3292))",EPSG:4326,
20181106_sabaki,Water Bird Count,210,minutes,,2018-11-06,09:10,Sabaki,Africa,Kenya,KE,Tana River,Sabaki,-3.16658,40.14167,WGS84,"POLYGON ((40.1295 -3.1563, 40.1303 -3.1576, 40.132 -3.1595, 40.1334 -3.1615, 40.1339 -3.1633, 40.1359 -3.1647, 40.1394 -3.1666, 40.1413 -3.1699, 40.1402 -3.1725, 40.1405 -3.1752, 40.144 -3.1781, 40.1459 -3.1763, 40.1484 -3.171, 40.1525 -3.1611, 40.149 -3.1583, 40.1467 -3.1581, 40.1454 -3.1574, 40.1424 -3.1545, 40.1389 -3.1541, 40.1349 -3.1522, 40.1328 -3.1529, 40.1335 -3.1565, 40.1344 -3.1584, 40.1338 -3.1589, 40.1328 -3.1575, 40.1311 -3.1553, 40.1295 -3.1563))",EPSG:4326,
20181206_sabaki,Water Bird Count,240,minutes,,2018-12-06,08:00,Sabaki,Africa,Kenya,KE,Tana River,Sabaki,-3.16658,40.14167,WGS84,"POLYGON ((40.1295 -3.1563, 40.1303 -3.1576, 40.132 -3.1595, 40.1334 -3.1615, 40.1339 -3.1633, 40.1359 -3.1647, 40.1394 -3.1666, 40.1413 -3.1699, 40.1402 -3.1725, 40.1405 -3.1752, 40.144 -3.1781, 40.1459 -3.1763, 40.1484 -3.171, 40.1525 -3.1611, 40.149 -3.1583, 40.1467 -3.1581, 40.1454 -3.1574, 40.1424 -3.1545, 40.1389 -3.1541, 40.1349 -3.1522, 40.1328 -3.1529, 40.1335 -3.1565, 40.1344 -3.1584, 40.1338 -3.1589, 40.1328 -3.1575, 40.1311 -3.1553, 40.1295 -3.1563))",EPSG:4326,"{""weather"":""No effect on count""}"
20181218_mida,Water Bird Count,105,minutes,,2018-12-18,12:15,Mida Creek,Africa,Kenya,KE,Kilifi,Mida Creek,-3.330189,39.967088,WGS84,"POLYGON ((39.9636 -3.3292, 39.9631 -3.3313, 39.9632 -3.3334, 39.9617 -3.3379, 39.9663 -3.3422, 39.9718 -3.3403, 39.9761 -3.3453, 39.978 -3.3495, 39.9886 -3.3435, 39.9847 -3.3382, 39.9833 -3.334, 39.9832 -3.3328, 39.9837 -3.3319, 39.985 -3.3301, 39.9863 -3.3289, 39.9879 -3.3265, 39.9901 -3.3244, 39.9881 -3.3208, 39.9843 -3.3209, 39.9816 -3.3211, 39.9788 -3.3213, 39.9758 -3.3219, 39.9725 -3.3229, 39.9698 -3.324, 39.9677 -3.3256, 39.9655 -3.3266, 39.9645 -3.3272, 39.9638 -3.3284, 39.9636 -3.3292))",EPSG:4326,
20190118_mida,Water Bird Count,120,minutes,,2019-01-18,14:10,Mida Creek,Africa,Kenya,KE,Kilifi,Mida Creek,-3.330189,39.967088,WGS84,"POLYGON ((39.9636 -3.3292, 39.9631 -3.3313, 39.9632 -3.3334, 39.9617 -3.3379, 39.9663 -3.3422, 39.9718 -3.3403, 39.9761 -3.3453, 39.978 -3.3495, 39.9886 -3.3435, 39.9847 -3.3382, 39.9833 -3.334, 39.9832 -3.3328, 39.9837 -3.3319, 39.985 -3.3301, 39.9863 -3.3289, 39.9879 -3.3265, 39.9901 -3.3244, 39.9881 -3.3208, 39.9843 -3.3209, 39.9816 -3.3211, 39.9788 -3.3213, 39.9758 -3.3219, 39.9725 -3.3229, 39.9698 -3.324, 39.9677 -3.3256, 39.9655 -3.3266, 39.9645 -3.3272, 39.9638 -3.3284, 39.9636 -3.3292))",EPSG:4326,
20190119_sabaki,Water Bird Count,230,minutes,,2019-01-19,08:20,Sabaki,Africa,Kenya,KE,Tana River,Sabaki,-3.16658,40.14167,WGS84,"POLYGON ((40.1295 -3.1563, 40.1303 -3.1576, 40.132 -3.1595, 40.1334 -3.1615, 40.1339 -3.1633, 40.1359 -3.1647, 40.1394 -3.1666, 40.1413 -3.1699, 40.1402 -3.1725, 40.1405 -3.1752, 40.144 -3.1781, 40.1459 -3.1763, 40.1484 -3.171, 40.1525 -3.1611, 40.149 -3.1583, 40.1467 -3.1581, 40.1454 -3.1574, 40.1424 -3.1545, 40.1389 -3.1541, 40.1349 -3.1522, 40.1328 -3.1529, 40.1335 -3.1565, 40.1344 -3.1584, 40.1338 -3.1589, 40.1328 -3.1575, 40.1311 -3.1553, 40.1295 -3.1563))",EPSG:4326,
20190314_mida,Water Bird Count,170,minutes,,2019-03-14,07:50,Mida Creek,Africa,Kenya,KE,Kilifi,Mida Creek,-3.330189,39.967088,WGS84,"POLYGON ((39.9636 -3.3292, 39.9631 -3.3313, 39.9632 -3.3334, 39.9617 -3.3379, 39.9663 -3.3422, 39.9718 -3.3403, 39.9761 -3.3453, 39.978 -3.3495, 39.9886 -3.3435, 39.9847 -3.3382, 39.9833 -3.334, 39.9832 -3.3328, 39.9837 -3.3319, 39.985 -3.3301, 39.9863 -3.3289, 39.9879 -3.3265, 39.9901 -3.3244, 39.9881 -3.3208, 39.9843 -3.3209, 39.9816 -3.3211, 39.9788 -3.3213, 39.9758 -3.3219, 39.9725 -3.3229, 39.9698 -3.324, 39.9677 -3.3256, 39.9655 -3.3266, 39.9645 -3.3272, 39.9638 -3.3284, 39.9636 -3.3292))",EPSG:4326,
20190320_sabaki,Water Bird Count,260,minutes,,2019-03-20,08:30,Sabaki,Africa,Kenya,KE,Tana River,Sabaki,-3.16658,40.14167,WGS84,"POLYGON ((40.1295 -3.1563, 40.1303 -3.1576, 40.132 -3.1595, 40.1334 -3.1615, 40.1339 -3.1633, 40.1359 -3.1647, 40.1394 -3.1666, 40.1413 -3.1699, 40.1402 -3.1725, 40.1405 -3.1752, 40.144 -3.1781, 40.1459 -3.1763, 40.1484 -3.171, 40.1525 -3.1611, 40.149 -3.1583, 40.1467 -3.1581, 40.1454 -3.1574, 40.1424 -3.1545, 40.1389 -3.1541, 40.1349 -3.1522, 40.1328 -3.1529, 40.1335 -3.1565, 40.1344 -3.1584, 40.1338 -3.1589, 40.1328 -3.1575, 40.1311 -3.1553, 40.1295 -3.1563))",EPSG:4326,
20190418_sabaki,Water Bird Count,240,minutes,,2019-04-18,08:00,Sabaki,Africa,Kenya,KE,Tana River,Sabaki,-3.16658,40.14167,WGS84,"POLYGON ((40.1295 -3.1563, 40.1303 -3.1576, 40.132 -3.1595, 40.1334 -3.1615, 40.1339 -3.1633, 40.1359 -3.1647, 40.1394 -3.1666, 40.1413 -3.1699, 40.1402 -3.1725, 40.1405 -3.1752, 40.144 -3.1781, 40.1459 -3.1763, 40.1484 -3.171, 40.1525 -3.1611, 40.149 -3.1583, 40.1467 -3.1581, 40.1454 -3.1574, 40.1424 -3.1545, 40.1389 -3.1541, 40.1349 -3.1522, 40.1328 -3.1529, 40.1335 -3.1565, 40.1344 -3.1584, 40.1338 -3.1589, 40.1328 -3.1575, 40.1311 -3.1553, 40.1295 -3.1563))",EPSG:4326,
20190429_mida,Water Bird Count,77,minutes,,2019-04-29,13:08,Mida Creek,Africa,Kenya,KE,Kilifi,Mida Creek,-3.330189,39.967088,WGS84,"POLYGON ((39.9636 -3.3292, 39.9631 -3.3313, 39.9632 -3.3334, 39.9617 -3.3379, 39.9663 -3.3422, 39.9718 -3.3403, 39.9761 -3.3453, 39.978 -3.3495, 39.9886 -3.3435, 39.9847 -3.3382, 39.9833 -3.334, 39.9832 -3.3328, 39.9837 -3.3319, 39.985 -3.3301, 39.9863 -3.3289, 39.9879 -3.3265, 39.9901 -3.3244, 39.9881 -3.3208, 39.9843 -3.3209, 39.9816 -3.3211, 39.9788 -3.3213, 39.9758 -3.3219, 39.9725 -3.3229, 39.9698 -3.324, 39.9677 -3.3256, 39.9655 -3.3266, 39.9645 -3.3272, 39.9638 -3.3284, 39.9636 -3.3292))",EPSG:4326,
20190604_sabaki,Water Bird Count,260,minutes,,2019-06-04,08:30,Sabaki,Africa,Kenya,KE,Tana River,Sabaki,-3.16658,40.14167,WGS84,"POLYGON ((40.1295 -3.1563, 40.1303 -3.1576, 40.132 -3.1595, 40.1334 -3.1615, 40.1339 -3.1633, 40.1359 -3.1647, 40.1394 -3.1666, 40.1413 -3.1699, 40.1402 -3.1725, 40.1405 -3.1752, 40.144 -3.1781, 40.1459 -3.1763, 40.1484 -3.171, 40.1525 -3.1611, 40.149 -3.1583, 40.1467 -3.1581, 40.1454 -3.1574, 40.1424 -3.1545, 40.1389 -3.1541, 40.1349 -3.1522, 40.1328 -3.1529, 40.1335 -3.1565, 40.1344 -3.1584, 40.1338 -3.1589, 40.1328 -3.1575, 40.1311 -3.1553, 40.1295 -3.1563))",EPSG:4326,"{""participants"":""KL""}"
20190625_mida,Water Bird Count,135,minutes,,2019-06-25,08:30,Mida Creek,Africa,Kenya,KE,Kilifi,Mida Creek,-3.330189,39.967088,WGS84,"POLYGON ((39.9636 -3.3292, 39.9631 -3.3313, 39.9632 -3.3334, 39.9617 -3.3379, 39.9663 -3.3422, 39.9718 -3.3403, 39.9761 -3.3453, 39.978 -3.3495, 39.9886 -3.3435, 39.9847 -3.3382, 39.9833 -3.334, 39.9832 -3.3328, 39.9837 -3.3319, 39.985 -3.3301, 39.9863 -3.3289, 39.9879 -3.3265, 39.9901 -3.3244, 39.9881 -3.3208, 39.9843 -3.3209, 39.9816 -3.3211, 39.9788 -3.3213, 39.9758 -3.3219, 39.9725 -3.3229, 39.9698 -3.324, 39.9677 -3.3256, 39.9655 -3.3266, 39.9645 -3.3272, 39.9638 -3.3284, 39.9636 -3.3292))",EPSG:4326,"{""participants"":""LK,AJ,LEAH,KAYLA""}"
20190718_sabaki,Water Bird Count,298,minutes,,2019-07-18,09:20,Sabaki,Africa,Kenya,KE,Tana River,Sabaki,-3.16658,40.14167,WGS84,"POLYGON ((40.1295 -3.1563, 40.1303 -3.1576, 40.132 -3.1595, 40.1334 -3.1615, 40.1339 -3.1633, 40.1359 -3.1647, 40.1394 -3.1666, 40.1413 -3.1699, 40.1402 -3.1725, 40.1405 -3.1752, 40.144 -3.1781, 40.1459 -3.1763, 40.1484 -3.171, 40.1525 -3.1611, 40.149 -3.1583, 40.1467 -3.1581, 40.1454 -3.1574, 40.1424 -3.1545, 40.1389 -3.1541, 40.1349 -3.1522, 40.1328 -3.1529, 40.1335 -3.1565, 40.1344 -3.1584, 40.1338 -3.1589, 40.1328 -3.1575, 40.1311 -3.1553, 40.1295 -3.1563))",EPSG:4326,
20190726_mida,Water Bird Count,200,minutes,,2019-07-26,09:10,Mida Creek,Africa,Kenya,KE,Kilifi,Mida Creek,-3.330189,39.967088,WGS84,"POLYGON ((39.9636 -3.3292, 39.9631 -3.3313, 39.9632 -3.3334, 39.9617 -3.3379, 39.9663 -3.3422, 39.9718 -3.3403, 39.9761 -3.3453, 39.978 -3.3495, 39.9886 -3.3435, 39.9847 -3.3382, 39.9833 -3.334, 39.9832 -3.3328, 39.9837 -3.3319, 39.985 -3.3301, 39.9863 -3.3289, 39.9879 -3.3265, 39.9901 -3.3244, 39.9881 -3.3208, 39.9843 -3.3209, 39.9816 -3.3211, 39.9788 -3.3213, 39.9758 -3.3219, 39.9725 -3.3229, 39.9698 -3.324, 39.9677 -3.3256, 39.9655 -3.3266, 39.9645 -3.3272, 39.9638 -3.3284, 39.9636 -3.3292))",EPSG:4326,
20190815_sabaki,Water Bird Count,300,minutes,,2019-08-15,08:20,Sabaki,Africa,Kenya,KE,Tana River,Sabaki,-3.16658,40.14167,WGS84,"POLYGON ((40.1295 -3.1563, 40.1303 -3.1576, 40.132 -3.1595, 40.1334 -3.1615, 40.1339 -3.1633, 40.1359 -3.1647, 40.1394 -3.1666, 40.1413 -3.1699, 40.1402 -3.1725, 40.1405 -3.1752, 40.144 -3.1781, 40.1459 -3.1763, 40.1484 -3.171, 40.1525 -3.1611, 40.149 -3.1583, 40.1467 -3.1581, 40.1454 -3.1574, 40.1424 -3.1545, 40.1389 -3.1541, 40.1349 -3.1522, 40.1328 -3.1529, 40.1335 -3.1565, 40.1344 -3.1584, 40.1338 -3.1589, 40.1328 -3.1575, 40.1311 -3.1553, 40.1295 -3.1563))",EPSG:4326,
20190907_mida,Water Bird Count,-535,minutes,,2019-09-07,11:47,Mida Creek,Africa,Kenya,KE,Kilifi,Mida Creek,-3.330189,39.967088,WGS84,"POLYGON ((39.9636 -3.3292, 39.9631 -3.3313, 39.9632 -3.3334, 39.9617 -3.3379, 39.9663 -3.3422, 39.9718 -3.3403, 39.9761 -3.3453, 39.978 -3.3495, 39.9886 -3.3435, 39.9847 -3.3382, 39.9833 -3.334, 39.9832 -3.3328, 39.9837 -3.3319, 39.985 -3.3301, 39.9863 -3.3289, 39.9879 -3.3265, 39.9901 -3.3244, 39.9881 -3.3208, 39.9843 -3.3209, 39.9816 -3.3211, 39.9788 -3.3213, 39.9758 -3.3219, 39.9725 -3.3229, 39.9698 -3.324, 39.9677 -3.3256, 39.9655 -3.3266, 39.9645 -3.3272, 39.9638 -3.3284, 39.9636 -3.3292))",EPSG:4326,"{""participants"":""CJ,AJ""}"
20191008_mida,Water Bird Count,120,minutes,,2019-10-08,11:50,Mida Creek,Africa,Kenya,KE,Kilifi,Mida Creek,-3.330189,39.967088,WGS84,"POLYGON ((39.9636 -3.3292, 39.9631 -3.3313, 39.9632 -3.3334, 39.9617 -3.3379, 39.9663 -3.3422, 39.9718 -3.3403, 39.9761 -3.3453, 39.978 -3.3495, 39.9886 -3.3435, 39.9847 -3.3382, 39.9833 -3.334, 39.9832 -3.3328, 39.9837 -3.3319, 39.985 -3.3301, 39.9863 -3.3289, 39.9879 -3.3265, 39.9901 -3.3244, 39.9881 -3.3208, 39.9843 -3.3209, 39.9816 -3.3211, 39.9788 -3.3213, 39.9758 -3.3219, 39.9725 -3.3229, 39.9698 -3.324, 39.9677 -3.3256, 39.9655 -3.3266, 39.9645 -3.3272, 39.9638 -3.3284, 39.9636 -3.3292))",EPSG:4326,"{""participants"":""LK, ET2""}"
20191029_sabaki,Water Bird Count,260,minutes,,2019-10-29,09:30,Sabaki,Africa,Kenya,KE,Tana River,Sabaki,-3.16658,40.14167,WGS84,"POLYGON ((40.1295 -3.1563, 40.1303 -3.1576, 40.132 -3.1595, 40.1334 -3.1615, 40.1339 -3.1633, 40.1359 -3.1647, 40.1394 -3.1666, 40.1413 -3.1699, 40.1402 -3.1725, 40.1405 -3.1752, 40.144 -3.1781, 40.1459 -3.1763, 40.1484 -3.171, 40.1525 -3.1611, 40.149 -3.1583, 40.1467 -3.1581, 40.1454 -3.1574, 40.1424 -3.1545, 40.1389 -3.1541, 40.1349 -3.1522, 40.1328 -3.1529, 40.1335 -3.1565, 40.1344 -3.1584, 40.1338 -3.1589, 40.1328 -3.1575, 40.1311 -3.1553, 40.1295 -3.1563))",EPSG:4326,
20191204_mida,Water Bird Count,120,minutes,,2019-12-04,08:30,Mida Creek,Africa,Kenya,KE,Kilifi,Mida Creek,-3.330189,39.967088,WGS84,"POLYGON ((39.9636 -3.3292, 39.9631 -3.3313, 39.9632 -3.3334, 39.9617 -3.3379, 39.9663 -3.3422, 39.9718 -3.3403, 39.9761 -3.3453, 39.978 -3.3495, 39.9886 -3.3435, 39.9847 -3.3382, 39.9833 -3.334, 39.9832 -3.3328, 39.9837 -3.3319, 39.985 -3.3301, 39.9863 -3.3289, 39.9879 -3.3265, 39.9901 -3.3244, 39.9881 -3.3208, 39.9843 -3.3209, 39.9816 -3.3211, 39.9788 -3.3213, 39.9758 -3.3219, 39.9725 -3.3229, 39.9698 -3.324, 39.9677 -3.3256, 39.9655 -3.3266, 39.9645 -3.3272, 39.9638 -3.3284, 39.9636 -3.3292))",EPSG:4326,
20200123_sabaki,Water Bird Count,206,minutes,,2020-01-23,07:39,Sabaki,Africa,Kenya,KE,Tana River,Sabaki,-3.16658,40.14167,WGS84,"POLYGON ((40.1295 -3.1563, 40.1303 -3.1576, 40.132 -3.1595, 40.1334 -3.1615, 40.1339 -3.1633, 40.1359 -3.1647, 40.1394 -3.1666, 40.1413 -3.1699, 40.1402 -3.1725, 40.1405 -3.1752, 40.144 -3.1781, 40.1459 -3.1763, 40.1484 -3.171, 40.1525 -3.1611, 40.149 -3.1583, 40.1467 -3.1581, 40.1454 -3.1574, 40.1424 -3.1545, 40.1389 -3.1541, 40.1349 -3.1522, 40.1328 -3.1529, 40.1335 -3.1565, 40.1344 -3.1584, 40.1338 -3.1589, 40.1328 -3.1575, 40.1311 -3.1553, 40.1295 -3.1563))",EPSG:4326,
20200207_sabaki,Water Bird Count,240,minutes,"Good, 50-75%",2020-02-07,09:00,Sabaki,Africa,Kenya,KE,Tana River,Sabaki,-3.16658,40.14167,WGS84,"POLYGON ((40.1295 -3.1563, 40.1303 -3.1576, 40.132 -3.1595, 40.1334 -3.1615, 40.1339 -3.1633, 40.1359 -3.1647, 40.1394 -3.1666, 40.1413 -3.1699, 40.1402 -3.1725, 40.1405 -3.1752, 40.144 -3.1781, 40.1459 -3.1763, 40.1484 -3.171, 40.1525 -3.1611, 40.149 -3.1583, 40.1467 -3.1581, 40.1454 -3.1574, 40.1424 -3.1545, 40.1389 -3.1541, 40.1349 -3.1522, 40.1328 -3.1529, 40.1335 -3.1565, 40.1344 -3.1584, 40.1338 -3.1589, 40.1328 -3.1575, 40.1311 -3.1553, 40.1295 -3.1563))",EPSG:4326,"{""method"":""Foot or vehicle and used telescope"",""water"":""Flooded"",""weather"":""No effect on count"",""disturbed"":""Little effect"",""coverage"":""Good, 50-75%"",""participants"":""KL,TM,RN,AN""}"
20200220_mida,Water Bird Count,95,minutes,"Complete, 100%",2020-02-20,14:40,Mida Creek,Africa,Kenya,KE,Kilifi,Mida Creek,-3.330189,39.967088,WGS84,"POLYGON ((39.9636 -3.3292, 39.9631 -3.3313, 39.9632 -3.3334, 39.9617 -3.3379, 39.9663 -3.3422, 39.9718 -3.3403, 39.9761 -3.3453, 39.978 -3.3495, 39.9886 -3.3435, 39.9847 -3.3382, 39.9833 -3.334, 39.9832 -3.3328, 39.9837 -3.3319, 39.985 -3.3301, 39.9863 -3.3289, 39.9879 -3.3265, 39.9901 -3.3244, 39.9881 -3.3208, 39.9843 -3.3209, 39.9816 -3.3211, 39.9788 -3.3213, 39.9758 -3.3219, 39.9725 -3.3229, 39.9698 -3.324, 39.9677 -3.3256, 39.9655 -3.3266, 39.9645 -3.3272, 39.9638 -3.3284, 39.9636 -3.3292))",EPSG:4326,"{""method"":""Foot or vehicle and used telescope"",""water"":""Normal level"",""tidal"":""Rising tide"",""weather"":""No effect on count"",""disturbed"":""Little effect"",""coverage"":""Complete, 100%"",""participants"":""KA, SK2, SA, EM, AS, CJ, RN, TM, AX""}"
20200310_sabaki,Water Bird Count,235,minutes,"Complete, 100%",2020-03-10,08:45,Sabaki,Africa,Kenya,KE,Tana River,Sabaki,-3.16658,40.14167,WGS84,"POLYGON ((40.1295 -3.1563, 40.1303 -3.1576, 40.132 -3.1595, 40.1334 -3.1615, 40.1339 -3.1633, 40.1359 -3.1647, 40.1394 -3.1666, 40.1413 -3.1699, 40.1402 -3.1725, 40.1405 -3.1752, 40.144 -3.1781, 40.1459 -3.1763, 40.1484 -3.171, 40.1525 -3.1611, 40.149 -3.1583, 40.1467 -3.1581, 40.1454 -3.1574, 40.1424 -3.1545, 40.1389 -3.1541, 40.1349 -3.1522, 40.1328 -3.1529, 40.1335 -3.1565, 40.1344 -3.1584, 40.1338 -3.1589, 40.1328 -3.1575, 40.1311 -3.1553, 40.1295 -3.1563))",EPSG:4326,"{""method"":""Foot or vehicle and used telescope"",""weather"":""No effect on count"",""disturbed"":""No effect"",""coverage"":""Complete, 100%"",""participants"":""LK,RN,FT,TM,AM""}"
20200320_mida,Water Bird Count,109,minutes,"Complete, 100%",2020-03-20,14:26,Mida Creek,Africa,Kenya,KE,Kilifi,Mida Creek,-3.330189,39.967088,WGS84,"POLYGON ((39.9636 -3.3292, 39.9631 -3.3313, 39.9632 -3.3334, 39.9617 -3.3379, 39.9663 -3.3422, 39.9718 -3.3403, 39.9761 -3.3453, 39.978 -3.3495, 39.9886 -3.3435, 39.9847 -3.3382, 39.9833 -3.334, 39.9832 -3.3328, 39.9837 -3.3319, 39.985 -3.3301, 39.9863 -3.3289, 39.9879 -3.3265, 39.9901 -3.3244, 39.9881 -3.3208, 39.9843 -3.3209, 39.9816 -3.3211, 39.9788 -3.3213, 39.9758 -3.3219, 39.9725 -3.3229, 39.9698 -3.324, 39.9677 -3.3256, 39.9655 -3.3266, 39.9645 -3.3272, 39.9638 -3.3284, 39.9636 -3.3292))",EPSG:4326,"{""method"":""Foot or vehicle and used telescope"",""weather"":""No effect on count"",""disturbed"":""No effect"",""coverage"":""Complete, 100%"",""participants"":""RN,AN""}"
20200331_mida,Water Bird Count,55,minutes,"Excellent, 75-99%",2020-03-31,07:35,Mida Creek,Africa,Kenya,KE,Kilifi,Mida Creek,-3.330189,39.967088,WGS84,"POLYGON ((39.9636 -3.3292, 39.9631 -3.3313, 39.9632 -3.3334, 39.9617 -3.3379, 39.9663 -3.3422, 39.9718 -3.3403, 39.9761 -3.3453, 39.978 -3.3495, 39.9886 -3.3435, 39.9847 -3.3382, 39.9833 -3.334, 39.9832 -3.3328, 39.9837 -3.3319, 39.985 -3.3301, 39.9863 -3.3289, 39.9879 -3.3265, 39.9901 -3.3244, 39.9881 -3.3208, 39.9843 -3.3209, 39.9816 -3.3211, 39.9788 -3.3213, 39.9758 -3.3219, 39.9725 -3.3229, 39.9698 -3.324, 39.9677 -3.3256, 39.9655 -3.3266, 39.9645 -3.3272, 39.9638 -3.3284, 39.9636 -3.3292))",EPSG:4326,"{""method"":""Foot or vehicle and used telescope"",""weather"":""No effect on count"",""disturbed"":""Little effect"",""coverage"":""Excellent, 75-99%"",""participants"":""LK, RN, AN, AJ, KA""}"
20200407_sabaki,Water Bird Count,274,minutes,"Excellent, 75-99%",2020-04-07,07:56,Sabaki,Africa,Kenya,KE,Tana River,Sabaki,-3.16658,40.14167,WGS84,"POLYGON ((40.1295 -3.1563, 40.1303 -3.1576, 40.132 -3.1595, 40.1334 -3.1615, 40.1339 -3.1633, 40.1359 -3.1647, 40.1394 -3.1666, 40.1413 -3.1699, 40.1402 -3.1725, 40.1405 -3.1752, 40.144 -3.1781, 40.1459 -3.1763, 40.1484 -3.171, 40.1525 -3.1611, 40.149 -3.1583, 40.1467 -3.1581, 40.1454 -3.1574, 40.1424 -3.1545, 40.1389 -3.1541, 40.1349 -3.1522, 40.1328 -3.1529, 40.1335 -3.1565, 40.1344 -3.1584, 40.1338 -3.1589, 40.1328 -3.1575, 40.1311 -3.1553, 40.1295 -3.1563))",EPSG:4326,"{""method"":""Foot or vehicle and used telescope"",""weather"":""No effect on count"",""disturbed"":""No effect"",""coverage"":""Excellent, 75-99%"",""participants"":""LK, RN, AN, MN""}"
20200414_mida,Water Bird Count,75,minutes,"Excellent, 75-99%",2020-04-14,07:45,Mida Creek,Africa,Kenya,KE,Kilifi,Mida Creek,-3.330189,39.967088,WGS84,"POLYGON ((39.9636 -3.3292, 39.9631 -3.3313, 39.9632 -3.3334, 39.9617 -3.3379, 39.9663 -3.3422, 39.9718 -3.3403, 39.9761 -3.3453, 39.978 -3.3495, 39.9886 -3.3435, 39.9847 -3.3382, 39.9833 -3.334, 39.9832 -3.3328, 39.9837 -3.3319, 39.985 -3.3301, 39.9863 -3.3289, 39.9879 -3.3265, 39.9901 -3.3244, 39.9881 -3.3208, 39.9843 -3.3209, 39.9816 -3.3211, 39.9788 -3.3213, 39.9758 -3.3219, 39.9725 -3.3229, 39.9698 -3.324, 39.9677 -3.3256, 39.9655 -3.3266, 39.9645 -3.3272, 39.9638 -3.3284, 39.9636 -3.3292))",EPSG:4326,"{""method"":""Foot or vehicle and used telescope"",""coverage"":""Excellent, 75-99%"",""participants"":""LK, RN, AN, JA, CJ""}"
20200522_sabaki,Water Bird Count,255,minutes,"Excellent, 75-99%",2020-05-22,07:45,Sabaki,Africa,Kenya,KE,Tana River,Sabaki,-3.16658,40.14167,WGS84,"POLYGON ((40.1295 -3.1563, 40.1303 -3.1576, 40.132 -3.1595, 40.1334 -3.1615, 40.1339 -3.1633, 40.1359 -3.1647, 40.1394 -3.1666, 40.1413 -3.1699, 40.1402 -3.1725, 40.1405 -3.1752, 40.144 -3.1781, 40.1459 -3.1763, 40.1484 -3.171, 40.1525 -3.1611, 40.149 -3.1583, 40.1467 -3.1581, 40.1454 -3.1574, 40.1424 -3.1545, 40.1389 -3.1541, 40.1349 -3.1522, 40.1328 -3.1529, 40.1335 -3.1565, 40.1344 -3.1584, 40.1338 -3.1589, 40.1328 -3.1575, 40.1311 -3.1553, 40.1295 -3.1563))",EPSG:4326,"{""method"":""Foot or vehicle and used telescope"",""weather"":""No effect on count"",""coverage"":""Excellent, 75-99%"",""participants"":""LK, RN, JA, CJ""}"
20200529_mida,Water Bird Count,90,minutes,"Excellent, 75-99%",2020-05-29,07:40,Mida Creek,Africa,Kenya,KE,Kilifi,Mida Creek,-3.330189,39.967088,WGS84,"POLYGON ((39.9636 -3.3292, 39.9631 -3.3313, 39.9632 -3.3334, 39.9617 -3.3379, 39.9663 -3.3422, 39.9718 -3.3403, 39.9761 -3.3453, 39.978 -3.3495, 39.9886 -3.3435, 39.9847 -3.3382, 39.9833 -3.334, 39.9832 -3.3328, 39.9837 -3.3319, 39.985 -3.3301, 39.9863 -3.3289, 39.9879 -3.3265, 39.9901 -3.3244, 39.9881 -3.3208, 39.9843 -3.3209, 39.9816 -3.3211, 39.9788 -3.3213, 39.9758 -3.3219, 39.9725 -3.3229, 39.9698 -3.324, 39.9677 -3.3256, 39.9655 -3.3266, 39.9645 -3.3272, 39.9638 -3.3284, 39.9636 -3.3292))",EPSG:4326,"{""method"":""Foot or vehicle and used telescope"",""weather"":""No effect on count"",""coverage"":""Excellent, 75-99%"",""participants"":""RN,AN""}"
20200605_sabaki,Water Bird Count,275,minutes,"Excellent, 75-99%",2020-06-05,06:45,Sabaki,Africa,Kenya,KE,Tana River,Sabaki,-3.16658,40.14167,WGS84,"POLYGON ((40.1295 -3.1563, 40.1303 -3.1576, 40.132 -3.1595, 40.1334 -3.1615, 40.1339 -3.1633, 40.1359 -3.1647, 40.1394 -3.1666, 40.1413 -3.1699, 40.1402 -3.1725, 40.1405 -3.1752, 40.144 -3.1781, 40.1459 -3.1763, 40.1484 -3.171, 40.1525 -3.1611, 40.149 -3.1583, 40.1467 -3.1581, 40.1454 -3.1574, 40.1424 -3.1545, 40.1389 -3.1541, 40.1349 -3.1522, 40.1328 -3.1529, 40.1335 -3.1565, 40.1344 -3.1584, 40.1338 -3.1589, 40.1328 -3.1575, 40.1311 -3.1553, 40.1295 -3.1563))",EPSG:4326,"{""method"":""Foot or vehicle and used telescope"",""weather"":""No effect on count"",""coverage"":""Excellent, 75-99%"",""participants"":""RN, AN, KL, MN, JA""}"
20200613_mida,Water Bird Count,30,minutes,"Excellent, 75-99%",2020-06-13,09:20,Mida Creek,Africa,Kenya,KE,Kilifi,Mida Creek,-3.330189,39.967088,WGS84,"POLYGON ((39.9636 -3.3292, 39.9631 -3.3313, 39.9632 -3.3334, 39.9617 -3.3379, 39.9663 -3.3422, 39.9718 -3.3403, 39.9761 -3.3453, 39.978 -3.3495, 39.9886 -3.3435, 39.9847 -3.3382, 39.9833 -3.334, 39.9832 -3.3328, 39.9837 -3.3319, 39.985 -3.3301, 39.9863 -3.3289, 39.9879 -3.3265, 39.9901 -3.3244, 39.9881 -3.3208, 39.9843 -3.3209, 39.9816 -3.3211, 39.9788 -3.3213, 39.9758 -3.3219, 39.9725 -3.3229, 39.9698 -3.324, 39.9677 -3.3256, 39.9655 -3.3266, 39.9645 -3.3272, 39.9638 -3.3284, 39.9636 -3.3292))",EPSG:4326,"{""method"":""Foot or vehicle and used telescope"",""weather"":""No effect on count"",""disturbed"":""No effect"",""coverage"":""Excellent, 75-99%"",""participants"":""RN, AN, KL, JA""}"
20200713_mida,Water Bird Count,40,minutes,"Complete, 100%",2020-07-13,08:35,Mida Creek,Africa,Kenya,KE,Kilifi,Mida Creek,-3.330189,39.967088,WGS84,"POLYGON ((39.9636 -3.3292, 39.9631 -3.3313, 39.9632 -3.3334, 39.9617 -3.3379, 39.9663 -3.3422, 39.9718 -3.3403, 39.9761 -3.3453, 39.978 -3.3495, 39.9886 -3.3435, 39.9847 -3.3382, 39.9833 -3.334, 39.9832 -3.3328, 39.9837 -3.3319, 39.985 -3.3301, 39.9863 -3.3289, 39.9879 -3.3265, 39.9901 -3.3244, 39.9881 -3.3208, 39.9843 -3.3209, 39.9816 -3.3211, 39.9788 -3.3213, 39.9758 -3.3219, 39.9725 -3.3229, 39.9698 -3.324, 39.9677 -3.3256, 39.9655 -3.3266, 39.9645 -3.3272, 39.9638 -3.3284, 39.9636 -3.3292))",EPSG:4326,"{""method"":""Foot or vehicle and used telescope"",""weather"":""No effect on count"",""disturbed"":""No effect"",""coverage"":""Complete, 100%"",""participants"":""RN, AN, KL""}"
20200720_sabaki,Water Bird Count,230,minutes,"Complete, 100%",2020-07-20,08:00,Sabaki,Africa,Kenya,KE,Tana River,Sabaki,-3.16658,40.14167,WGS84,"POLYGON ((40.1295 -3.1563, 40.1303 -3.1576, 40.132 -3.1595, 40.1334 -3.1615, 40.1339 -3.1633, 40.1359 -3.1647, 40.1394 -3.1666, 40.1413 -3.1699, 40.1402 -3.1725, 40.1405 -3.1752, 40.144 -3.1781, 40.1459 -3.1763, 40.1484 -3.171, 40.1525 -3.1611, 40.149 -3.1583, 40.1467 -3.1581, 40.1454 -3.1574, 40.1424 -3.1545, 40.1389 -3.1541, 40.1349 -3.1522, 40.1328 -3.1529, 40.1335 -3.1565, 40.1344 -3.1584, 40.1338 -3.1589, 40.1328 -3.1575, 40.1311 -3.1553, 40.1295 -3.1563))",EPSG:4326,"{""method"":""Foot or vehicle and used telescope"",""weather"":""No effect on count"",""disturbed"":""No effect"",""coverage"":""Complete, 100%"",""participants"":""RN, AN, KL, AJ, MJ""}"
20200813_mida,Water Bird Count,125,minutes,"Complete, 100%",2020-08-13,09:00,Mida Creek,Africa,Kenya,KE,Kilifi,Mida Creek,-3.330189,39.967088,WGS84,"POLYGON ((39.9636 -3.3292, 39.9631 -3.3313, 39.9632 -3.3334, 39.9617 -3.3379, 39.9663 -3.3422, 39.9718 -3.3403, 39.9761 -3.3453, 39.978 -3.3495, 39.9886 -3.3435, 39.9847 -3.3382, 39.9833 -3.334, 39.9832 -3.3328, 39.9837 -3.3319, 39.985 -3.3301, 39.9863 -3.3289, 39.9879 -3.3265, 39.9901 -3.3244, 39.9881 -3.3208, 39.9843 -3.3209, 39.9816 -3.3211, 39.9788 -3.3213, 39.9758 -3.3219, 39.9725 -3.3229, 39.9698 -3.324, 39.9677 -3.3256, 39.9655 -3.3266, 39.9645 -3.3272, 39.9638 -3.3284, 39.9636 -3.3292))",EPSG:4326,"{""method"":""Foot or vehicle and used telescope"",""weather"":""No effect on count"",""disturbed"":""Moderate effect"",""coverage"":""Complete, 100%"",""participants"":""LK, AJ, AS, KM""}"
20200818_sabaki,Water Bird Count,225,minutes,"Complete, 100%",2020-08-18,08:00,Sabaki,Africa,Kenya,KE,Tana River,Sabaki,-3.16658,40.14167,WGS84,"POLYGON ((40.1295 -3.1563, 40.1303 -3.1576, 40.132 -3.1595, 40.1334 -3.1615, 40.1339 -3.1633, 40.1359 -3.1647, 40.1394 -3.1666, 40.1413 -3.1699, 40.1402 -3.1725, 40.1405 -3.1752, 40.144 -3.1781, 40.1459 -3.1763, 40.1484 -3.171, 40.1525 -3.1611, 40.149 -3.1583, 40.1467 -3.1581, 40.1454 -3.1574, 40.1424 -3.1545, 40.1389 -3.1541, 40.1349 -3.1522, 40.1328 -3.1529, 40.1335 -3.1565, 40.1344 -3.1584, 40.1338 -3.1589, 40.1328 -3.1575, 40.1311 -3.1553, 40.1295 -3.1563))",EPSG:4326,"{""method"":""Foot or vehicle and used telescope"",""weather"":""No effect on count"",""disturbed"":""No effect"",""coverage"":""Complete, 100%"",""participants"":""LK,AJ, AS, DE, HM, MM""}"
20200912_mida,Water Bird Count,94,minutes,"Complete, 100%",2020-09-12,09:45,Mida Creek,Africa,Kenya,KE,Kilifi,Mida Creek,-3.330189,39.967088,WGS84,"POLYGON ((39.9636 -3.3292, 39.9631 -3.3313, 39.9632 -3.3334, 39.9617 -3.3379, 39.9663 -3.3422, 39.9718 -3.3403, 39.9761 -3.3453, 39.978 -3.3495, 39.9886 -3.3435, 39.9847 -3.3382, 39.9833 -3.334, 39.9832 -3.3328, 39.9837 -3.3319, 39.985 -3.3301, 39.9863 -3.3289, 39.9879 -3.3265, 39.9901 -3.3244, 39.9881 -3.3208, 39.9843 -3.3209, 39.9816 -3.3211, 39.9788 -3.3213, 39.9758 -3.3219, 39.9725 -3.3229, 39.9698 -3.324, 39.9677 -3.3256, 39.9655 -3.3266, 39.9645 -3.3272, 39.9638 -3.3284, 39.9636 -3.3292))",EPSG:4326,"{""method"":""Foot or vehicle and used telescope"",""weather"":""No effect on count"",""disturbed"":""Strong effect"",""coverage"":""Complete, 100%"",""participants"":""CJ, LK, AS, AJ, KA, MN, DK, SK2, AM4,""}"
20200913_mida,Water Bird Count,75,minutes,"Complete, 100%",2020-09-13,11:00,Mida Creek,Africa,Kenya,KE,Kilifi,Mida Creek,-3.330189,39.967088,WGS84,"POLYGON ((39.9636 -3.3292, 39.9631 -3.3313, 39.9632 -3.3334, 39.9617 -3.3379, 39.9663 -3.3422, 39.9718 -3.3403, 39.9761 -3.3453, 39.978 -3.3495, 39.9886 -3.3435, 39.9847 -3.3382, 39.9833 -3.334, 39.9832 -3.3328, 39.9837 -3.3319, 39.985 -3.3301, 39.9863 -3.3289, 39.9879 -3.3265, 39.9901 -3.3244, 39.9881 -3.3208, 39.9843 -3.3209, 39.9816 -3.3211, 39.9788 -3.3213, 39.9758 -3.3219, 39.9725 -3.3229, 39.9698 -3.324, 39.9677 -3.3256, 39.9655 -3.3266, 39.9645 -3.3272, 39.9638 -3.3284, 39.9636 -3.3292))",EPSG:4326,"{""method"":""Foot or vehicle and used telescope"",""weather"":""No effect on count"",""disturbed"":""Moderate effect"",""coverage"":""Complete, 100%"",""participants"":""LK, KA, SK2""}"
20200916_sabaki,Water Bird Count,270,minutes,"Complete, 100%",2020-09-16,07:45,Sabaki,Africa,Kenya,KE,Tana River,Sabaki,-3.16658,40.14167,WGS84,"POLYGON ((40.1295 -3.1563, 40.1303 -3.1576, 40.132 -3.1595, 40.1334 -3.1615, 40.1339 -3.1633, 40.1359 -3.1647, 40.1394 -3.1666, 40.1413 -3.1699, 40.1402 -3.1725, 40.1405 -3.1752, 40.144 -3.1781, 40.1459 -3.1763, 40.1484 -3.171, 40.1525 -3.1611, 40.149 -3.1583, 40.1467 -3.1581, 40.1454 -3.1574, 40.1424 -3.1545, 40.1389 -3.1541, 40.1349 -3.1522, 40.1328 -3.1529, 40.1335 -3.1565, 40.1344 -3.1584, 40.1338 -3.1589, 40.1328 -3.1575, 40.1311 -3.1553, 40.1295 -3.1563))",EPSG:4326,"{""method"":""Foot or vehicle and used telescope"",""weather"":""No effect on count"",""disturbed"":""No effect"",""coverage"":""Complete, 100%"",""participants"":""LK,AJ, AS, DK, SK2""}"
20201011_mida,Water Bird Count,95,minutes,"Complete, 100%",2020-10-11,09:40,Mida Creek,Africa,Kenya,KE,Kilifi,Mida Creek,-3.330189,39.967088,WGS84,"POLYGON ((39.9636 -3.3292, 39.9631 -3.3313, 39.9632 -3.3334, 39.9617 -3.3379, 39.9663 -3.3422, 39.9718 -3.3403, 39.9761 -3.3453, 39.978 -3.3495, 39.9886 -3.3435, 39.9847 -3.3382, 39.9833 -3.334, 39.9832 -3.3328, 39.9837 -3.3319, 39.985 -3.3301, 39.9863 -3.3289, 39.9879 -3.3265, 39.9901 -3.3244, 39.9881 -3.3208, 39.9843 -3.3209, 39.9816 -3.3211, 39.9788 -3.3213, 39.9758 -3.3219, 39.9725 -3.3229, 39.9698 -3.324, 39.9677 -3.3256, 39.9655 -3.3266, 39.9645 -3.3272, 39.9638 -3.3284, 39.9636 -3.3292))",EPSG:4326,"{""method"":""Foot or vehicle and used telescope"",""weather"":""No effect on count"",""disturbed"":""No effect"",""coverage"":""Complete, 100%"",""participants"":""CJ, LK,KA,SK2,AM4,AJ,LL,LL2,KJ""}"
20201016_sabaki,Water Bird Count,235,minutes,"Complete, 100%",2020-10-16,07:50,Sabaki,Africa,Kenya,KE,Tana River,Sabaki,-3.16658,40.14167,WGS84,"POLYGON ((40.1295 -3.1563, 40.1303 -3.1576, 40.132 -3.1595, 40.1334 -3.1615, 40.1339 -3.1633, 40.1359 -3.1647, 40.1394 -3.1666, 40.1413 -3.1699, 40.1402 -3.1725, 40.1405 -3.1752, 40.144 -3.1781, 40.1459 -3.1763, 40.1484 -3.171, 40.1525 -3.1611, 40.149 -3.1583, 40.1467 -3.1581, 40.1454 -3.1574, 40.1424 -3.1545, 40.1389 -3.1541, 40.1349 -3.1522, 40.1328 -3.1529, 40.1335 -3.1565, 40.1344 -3.1584, 40.1338 -3.1589, 40.1328 -3.1575, 40.1311 -3.1553, 40.1295 -3.1563))",EPSG:4326,"{""method"":""Foot or vehicle and used telescope"",""weather"":""No effect on count"",""disturbed"":""No effect"",""coverage"":""Complete, 100%"",""participants"":""LK,AJ,DK,MJ""}"
20201125_mida,Water Bird Count,115,minutes,"Complete, 100%",2020-11-25,13:00,Mida Creek,Africa,Kenya,KE,Kilifi,Mida Creek,-3.330189,39.967088,WGS84,"POLYGON ((39.9636 -3.3292, 39.9631 -3.3313, 39.9632 -3.3334, 39.9617 -3.3379, 39.9663 -3.3422, 39.9718 -3.3403, 39.9761 -3.3453, 39.978 -3.3495, 39.9886 -3.3435, 39.9847 -3.3382, 39.9833 -3.334, 39.9832 -3.3328, 39.9837 -3.3319, 39.985 -3.3301, 39.9863 -3.3289, 39.9879 -3.3265, 39.9901 -3.3244, 39.9881 -3.3208, 39.9843 -3.3209, 39.9816 -3.3211, 39.9788 -3.3213, 39.9758 -3.3219, 39.9725 -3.3229, 39.9698 -3.324, 39.9677 -3.3256, 39.9655 -3.3266, 39.9645 -3.3272, 39.9638 -3.3284, 39.9636 -3.3292))",EPSG:4326,"{""method"":""Foot or vehicle and used telescope"",""weather"":""No effect on count"",""disturbed"":""No effect"",""coverage"":""Complete, 100%"",""participants"":""LK,AM,DK,AM4,DT,SK2""}"
20201209_mida,Water Bird Count,110,minutes,"Complete, 100%",2020-12-09,09:50,Mida Creek,Africa,Kenya,KE,Kilifi,Mida Creek,-3.330189,39.967088,WGS84,"POLYGON ((39.9636 -3.3292, 39.9631 -3.3313, 39.9632 -3.3334, 39.9617 -3.3379, 39.9663 -3.3422, 39.9718 -3.3403, 39.9761 -3.3453, 39.978 -3.3495, 39.9886 -3.3435, 39.9847 -3.3382, 39.9833 -3.334, 39.9832 -3.3328, 39.9837 -3.3319, 39.985 -3.3301, 39.9863 -3.3289, 39.9879 -3.3265, 39.9901 -3.3244, 39.9881 -3.3208, 39.9843 -3.3209, 39.9816 -3.3211, 39.9788 -3.3213, 39.9758 -3.3219, 39.9725 -3.3229, 39.9698 -3.324, 39.9677 -3.3256, 39.9655 -3.3266, 39.9645 -3.3272, 39.9638 -3.3284, 39.9636 -3.3292))",EPSG:4326,"{""method"":""Foot or vehicle and used telescope"",""tidal"":""High tide"",""weather"":""No effect on count"",""disturbed"":""Moderate effect"",""coverage"":""Complete, 100%"",""participants"":""CJ, QH, @@@@@""}"
20210126_mida,Water Bird Count,120,minutes,,2021-01-26,15:30,Mida Creek,Africa,Kenya,KE,Kilifi,Mida Creek,-3.330189,39.967088,WGS84,"POLYGON ((39.9636 -3.3292, 39.9631 -3.3313, 39.9632 -3.3334, 39.9617 -3.3379, 39.9663 -3.3422, 39.9718 -3.3403, 39.9761 -3.3453, 39.978 -3.3495, 39.9886 -3.3435, 39.9847 -3.3382, 39.9833 -3.334, 39.9832 -3.3328, 39.9837 -3.3319, 39.985 -3.3301, 39.9863 -3.3289, 39.9879 -3.3265, 39.9901 -3.3244, 39.9881 -3.3208, 39.9843 -3.3209, 39.9816 -3.3211, 39.9788 -3.3213, 39.9758 -3.3219, 39.9725 -3.3229, 39.9698 -3.324, 39.9677 -3.3256, 39.9655 -3.3266, 39.9645 -3.3272, 39.9638 -3.3284, 39.9636 -3.3292))",EPSG:4326,"{""method"":""Foot or vehicle and used telescope"",""participants"":""LK, AJ, MNM, DS, KA, DK, SK2, HT, P""}"
20210128_sabaki,Water Bird Count,250,minutes,,2021-01-28,08:20,Sabaki,Africa,Kenya,KE,Tana River,Sabaki,-3.16658,40.14167,WGS84,"POLYGON ((40.1295 -3.1563, 40.1303 -3.1576, 40.132 -3.1595, 40.1334 -3.1615, 40.1339 -3.1633, 40.1359 -3.1647, 40.1394 -3.1666, 40.1413 -3.1699, 40.1402 -3.1725, 40.1405 -3.1752, 40.144 -3.1781, 40.1459 -3.1763, 40.1484 -3.171, 40.1525 -3.1611, 40.149 -3.1583, 40.1467 -3.1581, 40.1454 -3.1574, 40.1424 -3.1545, 40.1389 -3.1541, 40.1349 -3.1522, 40.1328 -3.1529, 40.1335 -3.1565, 40.1344 -3.1584, 40.1338 -3.1589, 40.1328 -3.1575, 40.1311 -3.1553, 40.1295 -3.1563))",EPSG:4326,"{""method"":""Foot or vehicle and used telescope"",""participants"":""CJ, AJ, DK, DS, JB, STB, @@@""}"
20210226_sabaki,Water Bird Count,230,minutes,,2021-02-26,09:30,Sabaki,Africa,Kenya,KE,Tana River,Sabaki,-3.16658,40.14167,WGS84,"POLYGON ((40.1295 -3.1563, 40.1303 -3.1576, 40.132 -3.1595, 40.1334 -3.1615, 40.1339 -3.1633, 40.1359 -3.1647, 40.1394 -3.1666, 40.1413 -3.1699, 40.1402 -3.1725, 40.1405 -3.1752, 40.144 -3.1781, 40.1459 -3.1763, 40.1484 -3.171, 40.1525 -3.1611, 40.149 -3.1583, 40.1467 -3.1581, 40.1454 -3.1574, 40.1424 -3.1545, 40.1389 -3.1541, 40.1349 -3.1522, 40.1328 -3.1529, 40.1335 -3.1565, 40.1344 -3.1584, 40.1338 -3.1589, 40.1328 -3.1575, 40.1311 -3.1553, 40.1295 -3.1563))",EPSG:4326,"{""method"":""Foot or vehicle and used telescope"",""participants"":""LK, AJ, DK, JM3, C""}"
20210306_mida,Water Bird Count,95,minutes,,2021-03-06,08:30,Mida Creek,Africa,Kenya,KE,Kilifi,Mida Creek,-3.330189,39.967088,WGS84,"POLYGON ((39.9636 -3.3292, 39.9631 -3.3313, 39.9632 -3.3334, 39.9617 -3.3379, 39.9663 -3.3422, 39.9718 -3.3403, 39.9761 -3.3453, 39.978 -3.3495, 39.9886 -3.3435, 39.9847 -3.3382, 39.9833 -3.334, 39.9832 -3.3328, 39.9837 -3.3319, 39.985 -3.3301, 39.9863 -3.3289, 39.9879 -3.3265, 39.9901 -3.3244, 39.9881 -3.3208, 39.9843 -3.3209, 39.9816 -3.3211, 39.9788 -3.3213, 39.9758 -3.3219, 39.9725 -3.3229, 39.9698 -3.324, 39.9677 -3.3256, 39.9655 -3.3266, 39.9645 -3.3272, 39.9638 -3.3284, 39.9636 -3.3292))",EPSG:4326,"{""method"":""Foot or vehicle and used telescope"",""participants"":""LK, AJ, DK, , AK4, MK2, KA""}"
20210326_sabaki,Water Bird Count,265,minutes,,2021-03-26,07:45,Sabaki,Africa,Kenya,KE,Tana River,Sabaki,-3.16658,40.14167,WGS84,"POLYGON ((40.1295 -3.1563, 40.1303 -3.1576, 40.132 -3.1595, 40.1334 -3.1615, 40.1339 -3.1633, 40.1359 -3.1647, 40.1394 -3.1666, 40.1413 -3.1699, 40.1402 -3.1725, 40.1405 -3.1752, 40.144 -3.1781, 40.1459 -3.1763, 40.1484 -3.171, 40.1525 -3.1611, 40.149 -3.1583, 40.1467 -3.1581, 40.1454 -3.1574, 40.1424 -3.1545, 40.1389 -3.1541, 40.1349 -3.1522, 40.1328 -3.1529, 40.1335 -3.1565, 40.1344 -3.1584, 40.1338 -3.1589, 40.1328 -3.1575, 40.1311 -3.1553, 40.1295 -3.1563))",EPSG:4326,"{""method"":""Foot or vehicle and used telescope"",""participants"":""LK, AJ, DK, SK2, JM3, STB, KA, JA3, TC2, SM3, EM3, SD""}"
20210407_mida,Water Bird Count,45,minutes,,2021-04-07,14:00,Mida Creek,Africa,Kenya,KE,Kilifi,Mida Creek,-3.330189,39.967088,WGS84,"POLYGON ((39.9636 -3.3292, 39.9631 -3.3313, 39.9632 -3.3334, 39.9617 -3.3379, 39.9663 -3.3422, 39.9718 -3.3403, 39.9761 -3.3453, 39.978 -3.3495, 39.9886 -3.3435, 39.9847 -3.3382, 39.9833 -3.334, 39.9832 -3.3328, 39.9837 -3.3319, 39.985 -3.3301, 39.9863 -3.3289, 39.9879 -3.3265, 39.9901 -3.3244, 39.9881 -3.3208, 39.9843 -3.3209, 39.9816 -3.3211, 39.9788 -3.3213, 39.9758 -3.3219, 39.9725 -3.3229, 39.9698 -3.324, 39.9677 -3.3256, 39.9655 -3.3266, 39.9645 -3.3272, 39.9638 -3.3284, 39.9636 -3.3292))",EPSG:4326,"{""method"":""Foot or vehicle and used telescope"",""participants"":""CJ, AJ,""}"
20210511_sabaki,Water Bird Count,250,minutes,,2021-05-11,07:50,Sabaki,Africa,Kenya,KE,Tana River,Sabaki,-3.16658,40.14167,WGS84,"POLYGON ((40.1295 -3.1563, 40.1303 -3.1576, 40.132 -3.1595, 40.1334 -3.1615, 40.1339 -3.1633, 40.1359 -3.1647, 40.1394 -3.1666, 40.1413 -3.1699, 40.1402 -3.1725, 40.1405 -3.1752, 40.144 -3.1781, 40.1459 -3.1763, 40.1484 -3.171, 40.1525 -3.1611, 40.149 -3.1583, 40.1467 -3.1581, 40.1454 -3.1574, 40.1424 -3.1545, 40.1389 -3.1541, 40.1349 -3.1522, 40.1328 -3.1529, 40.1335 -3.1565, 40.1344 -3.1584, 40.1338 -3.1589, 40.1328 -3.1575, 40.1311 -3.1553, 40.1295 -3.1563))",EPSG:4326,"{""method"":""Foot or vehicle and used telescope"",""participants"":""LK, AJ, DK, SK3, BM""}"
20210518_mida,Water Bird Count,150,minutes,,2021-05-18,07:30,Mida Creek,Africa,Kenya,KE,Kilifi,Mida Creek,-3.330189,39.967088,WGS84,"POLYGON ((39.9636 -3.3292, 39.9631 -3.3313, 39.9632 -3.3334, 39.9617 -3.3379, 39.9663 -3.3422, 39.9718 -3.3403, 39.9761 -3.3453, 39.978 -3.3495, 39.9886 -3.3435, 39.9847 -3.3382, 39.9833 -3.334, 39.9832 -3.3328, 39.9837 -3.3319, 39.985 -3.3301, 39.9863 -3.3289, 39.9879 -3.3265, 39.9901 -3.3244, 39.9881 -3.3208, 39.9843 -3.3209, 39.9816 -3.3211, 39.9788 -3.3213, 39.9758 -3.3219, 39.9725 -3.3229, 39.9698 -3.324, 39.9677 -3.3256, 39.9655 -3.3266, 39.9645 -3.3272, 39.9638 -3.3284, 39.9636 -3.3292))",EPSG:4326,"{""method"":""Foot or vehicle and used telescope"",""participants"":""LK, AJ, EM4, DS""}"
20210602_mida,Water Bird Count,75,minutes,,2021-06-02,09:45,Mida Creek,Africa,Kenya,KE,Kilifi,Mida Creek,-3.330189,39.967088,WGS84,"POLYGON ((39.9636 -3.3292, 39.9631 -3.3313, 39.9632 -3.3334, 39.9617 -3.3379, 39.9663 -3.3422, 39.9718 -3.3403, 39.9761 -3.3453, 39.978 -3.3495, 39.9886 -3.3435, 39.9847 -3.3382, 39.9833 -3.334, 39.9832 -3.3328, 39.9837 -3.3319, 39.985 -3.3301, 39.9863 -3.3289, 39.9879 -3.3265, 39.9901 -3.3244, 39.9881 -3.3208, 39.9843 -3.3209, 39.9816 -3.3211, 39.9788 -3.3213, 39.9758 -3.3219, 39.9725 -3.3229, 39.9698 -3.324, 39.9677 -3.3256, 39.9655 -3.3266, 39.9645 -3.3272, 39.9638 -3.3284, 39.9636 -3.3292))",EPSG:4326,"{""method"":""Foot or vehicle and used telescope"",""participants"":""LK, AJ, SK2, LK1, FS, JA""}"
20210609_sabaki,Water Bird Count,240,minutes,,2021-06-09,08:00,Sabaki,Africa,Kenya,KE,Tana River,Sabaki,-3.16658,40.14167,WGS84,"POLYGON ((40.1295 -3.1563, 40.1303 -3.1576, 40.132 -3.1595, 40.1334 -3.1615, 40.1339 -3.1633, 40.1359 -3.1647, 40.1394 -3.1666, 40.1413 -3.1699, 40.1402 -3.1725, 40.1405 -3.1752, 40.144 -3.1781, 40.1459 -3.1763, 40.1484 -3.171, 40.1525 -3.1611, 40.149 -3.1583, 40.1467 -3.1581, 40.1454 -3.1574, 40.1424 -3.1545, 40.1389 -3.1541, 40.1349 -3.1522, 40.1328 -3.1529, 40.1335 -3.1565, 40.1344 -3.1584, 40.1338 -3.1589, 40.1328 -3.1575, 40.1311 -3.1553, 40.1295 -3.1563))",EPSG:4326,"{""method"":""Foot or vehicle and used telescope"",""participants"":""LK, JA3, CP, MJ, PM1, AJ, SN, SW, FS, BK""}"
20210723_sabaki,Water Bird Count,220,minutes,,2021-07-23,08:00,Sabaki,Africa,Kenya,KE,Tana River,Sabaki,-3.16658,40.14167,WGS84,"POLYGON ((40.1295 -3.1563, 40.1303 -3.1576, 40.132 -3.1595, 40.1334 -3.1615, 40.1339 -3.1633, 40.1359 -3.1647, 40.1394 -3.1666, 40.1413 -3.1699, 40.1402 -3.1725, 40.1405 -3.1752, 40.144 -3.1781, 40.1459 -3.1763, 40.1484 -3.171, 40.1525 -3.1611, 40.149 -3.1583, 40.1467 -3.1581, 40.1454 -3.1574, 40.1424 -3.1545, 40.1389 -3.1541, 40.1349 -3.1522, 40.1328 -3.1529, 40.1335 -3.1565, 40.1344 -3.1584, 40.1338 -3.1589, 40.1328 -3.1575, 40.1311 -3.1553, 40.1295 -3.1563))",EPSG:4326,"{""method"":""Foot or vehicle and used telescope"",""participants"":""LK, MJ, JA3, CP, AJ, BK, FS, ME, GP""}"
20210803_mida,Water Bird Count,45,minutes,,2021-08-03,11:15,Mida Creek,Africa,Kenya,KE,Kilifi,Mida Creek,-3.330189,39.967088,WGS84,"POLYGON ((39.9636 -3.3292, 39.9631 -3.3313, 39.9632 -3.3334, 39.9617 -3.3379, 39.9663 -3.3422, 39.9718 -3.3403, 39.9761 -3.3453, 39.978 -3.3495, 39.9886 -3.3435, 39.9847 -3.3382, 39.9833 -3.334, 39.9832 -3.3328, 39.9837 -3.3319, 39.985 -3.3301, 39.9863 -3.3289, 39.9879 -3.3265, 39.9901 -3.3244, 39.9881 -3.3208, 39.9843 -3.3209, 39.9816 -3.3211, 39.9788 -3.3213, 39.9758 -3.3219, 39.9725 -3.3229, 39.9698 -3.324, 39.9677 -3.3256, 39.9655 -3.3266, 39.9645 -3.3272, 39.9638 -3.3284, 39.9636 -3.3292))",EPSG:4326,"{""method"":""Foot or vehicle and used telescope"",""participants"":""LK, KA, LK1, HSK, BM, FS""}"
20210820_sabaki,Water Bird Count,210,minutes,,2021-08-20,07:15,Sabaki,Africa,Kenya,KE,Tana River,Sabaki,-3.16658,40.14167,WGS84,"POLYGON ((40.1295 -3.1563, 40.1303 -3.1576, 40.132 -3.1595, 40.1334 -3.1615, 40.1339 -3.1633, 40.1359 -3.1647, 40.1394 -3.1666, 40.1413 -3.1699, 40.1402 -3.1725, 40.1405 -3.1752, 40.144 -3.1781, 40.1459 -3.1763, 40.1484 -3.171, 40.1525 -3.1611, 40.149 -3.1583, 40.1467 -3.1581, 40.1454 -3.1574, 40.1424 -3.1545, 40.1389 -3.1541, 40.1349 -3.1522, 40.1328 -3.1529, 40.1335 -3.1565, 40.1344 -3.1584, 40.1338 -3.1589, 40.1328 -3.1575, 40.1311 -3.1553, 40.1295 -3.1563))",EPSG:4326,"{""method"":""Foot or vehicle and used telescope"",""participants"":""LK, AJ, DS, MJ, JA3, CP, JO1, EO""}"
20210901_mida,Water Bird Count,131,minutes,,2021-09-01,10:37,Mida Creek,Africa,Kenya,KE,Kilifi,Mida Creek,-3.330189,39.967088,WGS84,"POLYGON ((39.9636 -3.3292, 39.9631 -3.3313, 39.9632 -3.3334, 39.9617 -3.3379, 39.9663 -3.3422, 39.9718 -3.3403, 39.9761 -3.3453, 39.978 -3.3495, 39.9886 -3.3435, 39.9847 -3.3382, 39.9833 -3.334, 39.9832 -3.3328, 39.9837 -3.3319, 39.985 -3.3301, 39.9863 -3.3289, 39.9879 -3.3265, 39.9901 -3.3244, 39.9881 -3.3208, 39.9843 -3.3209, 39.9816 -3.3211, 39.9788 -3.3213, 39.9758 -3.3219, 39.9725 -3.3229, 39.9698 -3.324, 39.9677 -3.3256, 39.9655 -3.3266, 39.9645 -3.3272, 39.9638 -3.3284, 39.9636 -3.3292))",EPSG:4326,"{""method"":""Foot or vehicle and used telescope"",""participants"":""CJ, AJ, KA""}"
20211002_mida,Water Bird Count,45,minutes,,2021-10-02,12:30,Mida Creek,Africa,Kenya,KE,Kilifi,Mida Creek,-3.330189,39.967088,WGS84,"POLYGON ((39.9636 -3.3292, 39.9631 -3.3313, 39.9632 -3.3334, 39.9617 -3.3379, 39.9663 -3.3422, 39.9718 -3.3403, 39.9761 -3.3453, 39.978 -3.3495, 39.9886 -3.3435, 39.9847 -3.3382, 39.9833 -3.334, 39.9832 -3.3328, 39.9837 -3.3319, 39.985 -3.3301, 39.9863 -3.3289, 39.9879 -3.3265, 39.9901 -3.3244, 39.9881 -3.3208, 39.9843 -3.3209, 39.9816 -3.3211, 39.9788 -3.3213, 39.9758 -3.3219, 39.9725 -3.3229, 39.9698 -3.324, 39.9677 -3.3256, 39.9655 -3.3266, 39.9645 -3.3272, 39.9638 -3.3284, 39.9636 -3.3292))",EPSG:4326,"{""method"":""Foot or vehicle and used telescope"",""participants"":""LK""}"
20211019_sabaki,Water Bird Count,225,minutes,,2021-10-19,08:00,Sabaki,Africa,Kenya,KE,Tana River,Sabaki,-3.16658,40.14167,WGS84,"POLYGON ((40.1295 -3.1563, 40.1303 -3.1576, 40.132 -3.1595, 40.1334 -3.1615, 40.1339 -3.1633, 40.1359 -3.1647, 40.1394 -3.1666, 40.1413 -3.1699, 40.1402 -3.1725, 40.1405 -3.1752, 40.144 -3.1781, 40.1459 -3.1763, 40.1484 -3.171, 40.1525 -3.1611, 40.149 -3.1583, 40.1467 -3.1581, 40.1454 -3.1574, 40.1424 -3.1545, 40.1389 -3.1541, 40.1349 -3.1522, 40.1328 -3.1529, 40.1335 -3.1565, 40.1344 -3.1584, 40.1338 -3.1589, 40.1328 -3.1575, 40.1311 -3.1553, 40.1295 -3.1563))",EPSG:4326,"{""method"":""Foot or vehicle and used telescope"",""participants"":""LK, AJ, JA3, DK, CP""}"
20211214_mida,Water Bird Count,105,minutes,,2021-12-14,13:15,Mida Creek,Africa,Kenya,KE,Kilifi,Mida Creek,-3.330189,39.967088,WGS84,"POLYGON ((39.9636 -3.3292, 39.9631 -3.3313, 39.9632 -3.3334, 39.9617 -3.3379, 39.9663 -3.3422, 39.9718 -3.3403, 39.9761 -3.3453, 39.978 -3.3495, 39.9886 -3.3435, 39.9847 -3.3382, 39.9833 -3.334, 39.9832 -3.3328, 39.9837 -3.3319, 39.985 -3.3301, 39.9863 -3.3289, 39.9879 -3.3265, 39.9901 -3.3244, 39.9881 -3.3208, 39.9843 -3.3209, 39.9816 -3.3211, 39.9788 -3.3213, 39.9758 -3.3219, 39.9725 -3.3229, 39.9698 -3.324, 39.9677 -3.3256, 39.9655 -3.3266, 39.9645 -3.3272, 39.9638 -3.3284, 39.9636 -3.3292))",EPSG:4326,"{""method"":""Foot or vehicle and used telescope"",""participants"":""LK, AJ, JG, DK""}"
20211217_sabaki,Water Bird Count,225,minutes,,2021-12-17,07:30,Sabaki,Africa,Kenya,KE,Tana River,Sabaki,-3.16658,40.14167,WGS84,"POLYGON ((40.1295 -3.1563, 40.1303 -3.1576, 40.132 -3.1595, 40.1334 -3.1615, 40.1339 -3.1633, 40.1359 -3.1647, 40.1394 -3.1666, 40.1413 -3.1699, 40.1402 -3.1725, 40.1405 -3.1752, 40.144 -3.1781, 40.1459 -3.1763, 40.1484 -3.171, 40.1525 -3.1611, 40.149 -3.1583, 40.1467 -3.1581, 40.1454 -3.1574, 40.1424 -3.1545, 40.1389 -3.1541, 40.1349 -3.1522, 40.1328 -3.1529, 40.1335 -3.1565, 40.1344 -3.1584, 40.1338 -3.1589, 40.1328 -3.1575, 40.1311 -3.1553, 40.1295 -3.1563))",EPSG:4326,"{""method"":""Foot or vehicle and used telescope"",""participants"":""LK, AJ, JG, AJ3, DK""}"
20220124_sabaki,Water Bird Count,213,minutes,,2022-01-24,12:37,Sabaki,Africa,Kenya,KE,Tana River,Sabaki,-3.16658,40.14167,WGS84,"POLYGON ((40.1295 -3.1563, 40.1303 -3.1576, 40.132 -3.1595, 40.1334 -3.1615, 40.1339 -3.1633, 40.1359 -3.1647, 40.1394 -3.1666, 40.1413 -3.1699, 40.1402 -3.1725, 40.1405 -3.1752, 40.144 -3.1781, 40.1459 -3.1763, 40.1484 -3.171, 40.1525 -3.1611, 40.149 -3.1583, 40.1467 -3.1581, 40.1454 -3.1574, 40.1424 -3.1545, 40.1389 -3.1541, 40.1349 -3.1522, 40.1328 -3.1529, 40.1335 -3.1565, 40.1344 -3.1584, 40.1338 -3.1589, 40.1328 -3.1575, 40.1311 -3.1553, 40.1295 -3.1563))",EPSG:4326,"{""method"":""Foot or vehicle and used telescope"",""participants"":""LK, DK, SK2, MNM, AS""}"
20220126_mida,Water Bird Count,90,minutes,,2022-01-26,09:45,Mida Creek,Africa,Kenya,KE,Kilifi,Mida Creek,-3.330189,39.967088,WGS84,"POLYGON ((39.9636 -3.3292, 39.9631 -3.3313, 39.9632 -3.3334, 39.9617 -3.3379, 39.9663 -3.3422, 39.9718 -3.3403, 39.9761 -3.3453, 39.978 -3.3495, 39.9886 -3.3435, 39.9847 -3.3382, 39.9833 -3.334, 39.9832 -3.3328, 39.9837 -3.3319, 39.985 -3.3301, 39.9863 -3.3289, 39.9879 -3.3265, 39.9901 -3.3244, 39.9881 -3.3208, 39.9843 -3.3209, 39.9816 -3.3211, 39.9788 -3.3213, 39.9758 -3.3219, 39.9725 -3.3229, 39.9698 -3.324, 39.9677 -3.3256, 39.9655 -3.3266, 39.9645 -3.3272, 39.9638 -3.3284, 39.9636 -3.3292))",EPSG:4326,"{""method"":""Foot or vehicle and used telescope"",""participants"":""LK, AJ, KA, AK2, MN, LL2, LL""}"
20220213_mida,Water Bird Count,88,minutes,,2022-02-13,15:12,Mida Creek,Africa,Kenya,KE,Kilifi,Mida Creek,-3.330189,39.967088,WGS84,"POLYGON ((39.9636 -3.3292, 39.9631 -3.3313, 39.9632 -3.3334, 39.9617 -3.3379, 39.9663 -3.3422, 39.9718 -3.3403, 39.9761 -3.3453, 39.978 -3.3495, 39.9886 -3.3435, 39.9847 -3.3382, 39.9833 -3.334, 39.9832 -3.3328, 39.9837 -3.3319, 39.985 -3.3301, 39.9863 -3.3289, 39.9879 -3.3265, 39.9901 -3.3244, 39.9881 -3.3208, 39.9843 -3.3209, 39.9816 -3.3211, 39.9788 -3.3213, 39.9758 -3.3219, 39.9725 -3.3229, 39.9698 -3.324, 39.9677 -3.3256, 39.9655 -3.3266, 39.9645 -3.3272, 39.9638 -3.3284, 39.9636 -3.3292))",EPSG:4326,"{""method"":""Foot or vehicle and used telescope"",""participants"":""AJ, SK2, DK, LK""}"
20220215_sabaki,Water Bird Count,200,minutes,,2022-02-15,08:15,Sabaki,Africa,Kenya,KE,Tana River,Sabaki,-3.16658,40.14167,WGS84,"POLYGON ((40.1295 -3.1563, 40.1303 -3.1576, 40.132 -3.1595, 40.1334 -3.1615, 40.1339 -3.1633, 40.1359 -3.1647, 40.1394 -3.1666, 40.1413 -3.1699, 40.1402 -3.1725, 40.1405 -3.1752, 40.144 -3.1781, 40.1459 -3.1763, 40.1484 -3.171, 40.1525 -3.1611, 40.149 -3.1583, 40.1467 -3.1581, 40.1454 -3.1574, 40.1424 -3.1545, 40.1389 -3.1541, 40.1349 -3.1522, 40.1328 -3.1529, 40.1335 -3.1565, 40.1344 -3.1584, 40.1338 -3.1589, 40.1328 -3.1575, 40.1311 -3.1553, 40.1295 -3.1563))",EPSG:4326,"{""method"":""Foot or vehicle and used telescope"",""participants"":""LK, JG,""}"
20220314_mida,Water Bird Count,93,minutes,,2022-03-14,15:05,Mida Creek,Africa,Kenya,KE,Kilifi,Mida Creek,-3.330189,39.967088,WGS84,"POLYGON ((39.9636 -3.3292, 39.9631 -3.3313, 39.9632 -3.3334, 39.9617 -3.3379, 39.9663 -3.3422, 39.9718 -3.3403, 39.9761 -3.3453, 39.978 -3.3495, 39.9886 -3.3435, 39.9847 -3.3382, 39.9833 -3.334, 39.9832 -3.3328, 39.9837 -3.3319, 39.985 -3.3301, 39.9863 -3.3289, 39.9879 -3.3265, 39.9901 -3.3244, 39.9881 -3.3208, 39.9843 -3.3209, 39.9816 -3.3211, 39.9788 -3.3213, 39.9758 -3.3219, 39.9725 -3.3229, 39.9698 -3.324, 39.9677 -3.3256, 39.9655 -3.3266, 39.9645 -3.3272, 39.9638 -3.3284, 39.9636 -3.3292))",EPSG:4326,"{""method"":""Foot or vehicle and used telescope"",""participants"":""LK, JG, DK, KA, JB""}"
20220316_sabaki,Water Bird Count,218,minutes,,2022-03-16,08:01,Sabaki,Africa,Kenya,KE,Tana River,Sabaki,-3.16658,40.14167,WGS84,"POLYGON ((40.1295 -3.1563, 40.1303 -3.1576, 40.132 -3.1595, 40.1334 -3.1615, 40.1339 -3.1633, 40.1359 -3.1647, 40.1394 -3.1666, 40.1413 -3.1699, 40.1402 -3.1725, 40.1405 -3.1752, 40.144 -3.1781, 40.1459 -3.1763, 40.1484 -3.171, 40.1525 -3.1611, 40.149 -3.1583, 40.1467 -3.1581, 40.1454 -3.1574, 40.1424 -3.1545, 40.1389 -3.1541, 40.1349 -3.1522, 40.1328 -3.1529, 40.1335 -3.1565, 40.1344 -3.1584, 40.1338 -3.1589, 40.1328 -3.1575, 40.1311 -3.1553, 40.1295 -3.1563))",EPSG:4326,"{""method"":""Foot or vehicle and used telescope"",""participants"":""LK, JG, DY, AG1, AG""}"
20220408_mida,Water Bird Count,110,minutes,,2022-04-08,07:30,Mida Creek,Africa,Kenya,KE,Kilifi,Mida Creek,-3.330189,39.967088,WGS84,"POLYGON ((39.9636 -3.3292, 39.9631 -3.3313, 39.9632 -3.3334, 39.9617 -3.3379, 39.9663 -3.3422, 39.9718 -3.3403, 39.9761 -3.3453, 39.978 -3.3495, 39.9886 -3.3435, 39.9847 -3.3382, 39.9833 -3.334, 39.9832 -3.3328, 39.9837 -3.3319, 39.985 -3.3301, 39.9863 -3.3289, 39.9879 -3.3265, 39.9901 -3.3244, 39.9881 -3.3208, 39.9843 -3.3209, 39.9816 -3.3211, 39.9788 -3.3213, 39.9758 -3.3219, 39.9725 -3.3229, 39.9698 -3.324, 39.9677 -3.3256, 39.9655 -3.3266, 39.9645 -3.3272, 39.9638 -3.3284, 39.9636 -3.3292))",EPSG:4326,"{""method"":""Foot or vehicle and used telescope"",""participants"":""LK, JG, DS, DY, NW""}"
20220414_sabaki,Water Bird Count,205,minutes,,2022-04-14,07:45,Sabaki,Africa,Kenya,KE,Tana River,Sabaki,-3.16658,40.14167,WGS84,"POLYGON ((40.1295 -3.1563, 40.1303 -3.1576, 40.132 -3.1595, 40.1334 -3.1615, 40.1339 -3.1633, 40.1359 -3.1647, 40.1394 -3.1666, 40.1413 -3.1699, 40.1402 -3.1725, 40.1405 -3.1752, 40.144 -3.1781, 40.1459 -3.1763, 40.1484 -3.171, 40.1525 -3.1611, 40.149 -3.1583, 40.1467 -3.1581, 40.1454 -3.1574, 40.1424 -3.1545, 40.1389 -3.1541, 40.1349 -3.1522, 40.1328 -3.1529, 40.1335 -3.1565, 40.1344 -3.1584, 40.1338 -3.1589, 40.1328 -3.1575, 40.1311 -3.1553, 40.1295 -3.1563))",EPSG:4326,"{""method"":""Foot or vehicle and used telescope"",""participants"":""LK, JA3, NW""}"
20220531_sabaki,Water Bird Count,200,minutes,,2022-05-31,08:40,Sabaki,Africa,Kenya,KE,Tana River,Sabaki,-3.16658,40.14167,WGS84,"POLYGON ((40.1295 -3.1563, 40.1303 -3.1576, 40.132 -3.1595, 40.1334 -3.1615, 40.1339 -3.1633, 40.1359 -3.1647, 40.1394 -3.1666, 40.1413 -3.1699, 40.1402 -3.1725, 40.1405 -3.1752, 40.144 -3.1781, 40.1459 -3.1763, 40.1484 -3.171, 40.1525 -3.1611, 40.149 -3.1583, 40.1467 -3.1581, 40.1454 -3.1574, 40.1424 -3.1545, 40.1389 -3.1541, 40.1349 -3.1522, 40.1328 -3.1529, 40.1335 -3.1565, 40.1344 -3.1584, 40.1338 -3.1589, 40.1328 -3.1575, 40.1311 -3.1553, 40.1295 -3.1563))",EPSG:4326,"{""method"":""Foot or vehicle and used telescope"",""participants"":""JA3, JM, LK, JB1, JMM, SI""}"
20220606_mida,Water Bird Count,44,minutes,,2022-06-06,09:00,Mida Creek,Africa,Kenya,KE,Kilifi,Mida Creek,-3.330189,39.967088,WGS84,"POLYGON ((39.9636 -3.3292, 39.9631 -3.3313, 39.9632 -3.3334, 39.9617 -3.3379, 39.9663 -3.3422, 39.9718 -3.3403, 39.9761 -3.3453, 39.978 -3.3495, 39.9886 -3.3435, 39.9847 -3.3382, 39.9833 -3.334, 39.9832 -3.3328, 39.9837 -3.3319, 39.985 -3.3301, 39.9863 -3.3289, 39.9879 -3.3265, 39.9901 -3.3244, 39.9881 -3.3208, 39.9843 -3.3209, 39.9816 -3.3211, 39.9788 -3.3213, 39.9758 -3.3219, 39.9725 -3.3229, 39.9698 -3.324, 39.9677 -3.3256, 39.9655 -3.3266, 39.9645 -3.3272, 39.9638 -3.3284, 39.9636 -3.3292))",EPSG:4326,"{""method"":""Foot or vehicle and used telescope"",""participants"":""SI, DK, LK""}"
20220629_sabaki,Water Bird Count,259,minutes,,2022-06-29,07:30,Sabaki,Africa,Kenya,KE,Tana River,Sabaki,-3.16658,40.14167,WGS84,"POLYGON ((40.1295 -3.1563, 40.1303 -3.1576, 40.132 -3.1595, 40.1334 -3.1615, 40.1339 -3.1633, 40.1359 -3.1647, 40.1394 -3.1666, 40.1413 -3.1699, 40.1402 -3.1725, 40.1405 -3.1752, 40.144 -3.1781, 40.1459 -3.1763, 40.1484 -3.171, 40.1525 -3.1611, 40.149 -3.1583, 40.1467 -3.1581, 40.1454 -3.1574, 40.1424 -3.1545, 40.1389 -3.1541, 40.1349 -3.1522, 40.1328 -3.1529, 40.1335 -3.1565, 40.1344 -3.1584, 40.1338 -3.1589, 40.1328 -3.1575, 40.1311 -3.1553, 40.1295 -3.1563))",EPSG:4326,"{""method"":""Foot or vehicle and used telescope"",""participants"":""DK, AG, JA3, JG""}"
20220706_mida,Water Bird Count,40,minutes,,2022-07-06,07:45,Mida Creek,Africa,Kenya,KE,Kilifi,Mida Creek,-3.330189,39.967088,WGS84,"POLYGON ((39.9636 -3.3292, 39.9631 -3.3313, 39.9632 -3.3334, 39.9617 -3.3379, 39.9663 -3.3422, 39.9718 -3.3403, 39.9761 -3.3453, 39.978 -3.3495, 39.9886 -3.3435, 39.9847 -3.3382, 39.9833 -3.334, 39.9832 -3.3328, 39.9837 -3.3319, 39.985 -3.3301, 39.9863 -3.3289, 39.9879 -3.3265, 39.9901 -3.3244, 39.9881 -3.3208, 39.9843 -3.3209, 39.9816 -3.3211, 39.9788 -3.3213, 39.9758 -3.3219, 39.9725 -3.3229, 39.9698 -3.324, 39.9677 -3.3256, 39.9655 -3.3266, 39.9645 -3.3272, 39.9638 -3.3284, 39.9636 -3.3292))",EPSG:4326,"{""method"":""Foot or vehicle and used telescope"",""participants"":""JG, AG, CJ""}"
20220821_mida,Water Bird Count,55,minutes,,2022-08-21,11:10,Mida Creek,Africa,Kenya,KE,Kilifi,Mida Creek,-3.330189,39.967088,WGS84,"POLYGON ((39.9636 -3.3292, 39.9631 -3.3313, 39.9632 -3.3334, 39.9617 -3.3379, 39.9663 -3.3422, 39.9718 -3.3403, 39.9761 -3.3453, 39.978 -3.3495, 39.9886 -3.3435, 39.9847 -3.3382, 39.9833 -3.334, 39.9832 -3.3328, 39.9837 -3.3319, 39.985 -3.3301, 39.9863 -3.3289, 39.9879 -3.3265, 39.9901 -3.3244, 39.9881 -3.3208, 39.9843 -3.3209, 39.9816 -3.3211, 39.9788 -3.3213, 39.9758 -3.3219, 39.9725 -3.3229, 39.9698 -3.324, 39.9677 -3.3256, 39.9655 -3.3266, 39.9645 -3.3272, 39.9638 -3.3284, 39.9636 -3.3292))",EPSG:4326,"{""method"":""Foot or vehicle and used telescope"",""participants"":""SK2, JA2, CJ""}"
20220831_sabaki,Water Bird Count,210,minutes,,2022-08-31,10:00,Sabaki,Africa,Kenya,KE,Tana River,Sabaki,-3.16658,40.14167,WGS84,"POLYGON ((40.1295 -3.1563, 40.1303 -3.1576, 40.132 -3.1595, 40.1334 -3.1615, 40.1339 -3.1633, 40.1359 -3.1647, 40.1394 -3.1666, 40.1413 -3.1699, 40.1402 -3.1725, 40.1405 -3.1752, 40.144 -3.1781, 40.1459 -3.1763, 40.1484 -3.171, 40.1525 -3.1611, 40.149 -3.1583, 40.1467 -3.1581, 40.1454 -3.1574, 40.1424 -3.1545, 40.1389 -3.1541, 40.1349 -3.1522, 40.1328 -3.1529, 40.1335 -3.1565, 40.1344 -3.1584, 40.1338 -3.1589, 40.1328 -3.1575, 40.1311 -3.1553, 40.1295 -3.1563))",EPSG:4326,"{""method"":""Foot or vehicle and used telescope"",""participants"":""HM1, LK""}"
20220920_mida,Water Bird Count,92,minutes,,2022-09-20,12:08,Mida Creek,Africa,Kenya,KE,Kilifi,Mida Creek,-3.330189,39.967088,WGS84,"POLYGON ((39.9636 -3.3292, 39.9631 -3.3313, 39.9632 -3.3334, 39.9617 -3.3379, 39.9663 -3.3422, 39.9718 -3.3403, 39.9761 -3.3453, 39.978 -3.3495, 39.9886 -3.3435, 39.9847 -3.3382, 39.9833 -3.334, 39.9832 -3.3328, 39.9837 -3.3319, 39.985 -3.3301, 39.9863 -3.3289, 39.9879 -3.3265, 39.9901 -3.3244, 39.9881 -3.3208, 39.9843 -3.3209, 39.9816 -3.3211, 39.9788 -3.3213, 39.9758 -3.3219, 39.9725 -3.3229, 39.9698 -3.324, 39.9677 -3.3256, 39.9655 -3.3266, 39.9645 -3.3272, 39.9638 -3.3284, 39.9636 -3.3292))",EPSG:4326,"{""method"":""Foot or vehicle and used telescope"",""participants"":""LK, JO1, MK2, AK4, AH""}"
20220923_sabaki,Water Bird Count,200,minutes,,2022-09-23,07:40,Sabaki,Africa,Kenya,KE,Tana River,Sabaki,-3.16658,40.14167,WGS84,"POLYGON ((40.1295 -3.1563, 40.1303 -3.1576, 40.132 -3.1595, 40.1334 -3.1615, 40.1339 -3.1633, 40.1359 -3.1647, 40.1394 -3.1666, 40.1413 -3.1699, 40.1402 -3.1725, 40.1405 -3.1752, 40.144 -3.1781, 40.1459 -3.1763, 40.1484 -3.171, 40.1525 -3.1611, 40.149 -3.1583, 40.1467 -3.1581, 40.1454 -3.1574, 40.1424 -3.1545, 40.1389 -3.1541, 40.1349 -3.1522, 40.1328 -3.1529, 40.1335 -3.1565, 40.1344 -3.1584, 40.1338 -3.1589, 40.1328 -3.1575, 40.1311 -3.1553, 40.1295 -3.1563))",EPSG:4326,"{""method"":""Foot or vehicle and used telescope"",""participants"":""JO1, JA3, LK""}"
20221020_mida,Water Bird Count,50,minutes,,2022-10-20,13:10,Mida Creek,Africa,Kenya,KE,Kilifi,Mida Creek,-3.330189,39.967088,WGS84,"POLYGON ((39.9636 -3.3292, 39.9631 -3.3313, 39.9632 -3.3334, 39.9617 -3.3379, 39.9663 -3.3422, 39.9718 -3.3403, 39.9761 -3.3453, 39.978 -3.3495, 39.9886 -3.3435, 39.9847 -3.3382, 39.9833 -3.334, 39.9832 -3.3328, 39.9837 -3.3319, 39.985 -3.3301, 39.9863 -3.3289, 39.9879 -3.3265, 39.9901 -3.3244, 39.9881 -3.3208, 39.9843 -3.3209, 39.9816 -3.3211, 39.9788 -3.3213, 39.9758 -3.3219, 39.9725 -3.3229, 39.9698 -3.324, 39.9677 -3.3256, 39.9655 -3.3266, 39.9645 -3.3272, 39.9638 -3.3284, 39.9636 -3.3292))",EPSG:4326,"{""method"":""Foot or vehicle and used telescope"",""participants"":""SK2, MN1, FA1, LK""}"
20221026_sabaki,Water Bird Count,240,minutes,,2022-10-26,09:00,Sabaki,Africa,Kenya,KE,Tana River,Sabaki,-3.16658,40.14167,WGS84,"POLYGON ((40.1295 -3.1563, 40.1303 -3.1576, 40.132 -3.1595, 40.1334 -3.1615, 40.1339 -3.1633, 40.1359 -3.1647, 40.1394 -3.1666, 40.1413 -3.1699, 40.1402 -3.1725, 40.1405 -3.1752, 40.144 -3.1781, 40.1459 -3.1763, 40.1484 -3.171, 40.1525 -3.1611, 40.149 -3.1583, 40.1467 -3.1581, 40.1454 -3.1574, 40.1424 -3.1545, 40.1389 -3.1541, 40.1349 -3.1522, 40.1328 -3.1529, 40.1335 -3.1565, 40.1344 -3.1584, 40.1338 -3.1589, 40.1328 -3.1575, 40.1311 -3.1553, 40.1295 -3.1563))",EPSG:4326,"{""method"":""Foot or vehicle and used telescope"",""participants"":""SK2, MN1, FA1, DK, JA3, LK""}"
20221116_mida,Water Bird Count,120,minutes,,2022-11-16,08:00,Mida Creek,Africa,Kenya,KE,Kilifi,Mida Creek,-3.330189,39.967088,WGS84,"POLYGON ((39.9636 -3.3292, 39.9631 -3.3313, 39.9632 -3.3334, 39.9617 -3.3379, 39.9663 -3.3422, 39.9718 -3.3403, 39.9761 -3.3453, 39.978 -3.3495, 39.9886 -3.3435, 39.9847 -3.3382, 39.9833 -3.334, 39.9832 -3.3328, 39.9837 -3.3319, 39.985 -3.3301, 39.9863 -3.3289, 39.9879 -3.3265, 39.9901 -3.3244, 39.9881 -3.3208, 39.9843 -3.3209, 39.9816 -3.3211, 39.9788 -3.3213, 39.9758 -3.3219, 39.9725 -3.3229, 39.9698 -3.324, 39.9677 -3.3256, 39.9655 -3.3266, 39.9645 -3.3272, 39.9638 -3.3284, 39.9636 -3.3292))",EPSG:4326,"{""method"":""Foot or vehicle and used telescope"",""participants"":""DK, MA1, LK3, EK1, MN1, Lk""}"
20221123_sabaki,Water Bird Count,285,minutes,,2022-11-23,08:15,Sabaki,Africa,Kenya,KE,Tana River,Sabaki,-3.16658,40.14167,WGS84,"POLYGON ((40.1295 -3.1563, 40.1303 -3.1576, 40.132 -3.1595, 40.1334 -3.1615, 40.1339 -3.1633, 40.1359 -3.1647, 40.1394 -3.1666, 40.1413 -3.1699, 40.1402 -3.1725, 40.1405 -3.1752, 40.144 -3.1781, 40.1459 -3.1763, 40.1484 -3.171, 40.1525 -3.1611, 40.149 -3.1583, 40.1467 -3.1581, 40.1454 -3.1574, 40.1424 -3.1545, 40.1389 -3.1541, 40.1349 -3.1522, 40.1328 -3.1529, 40.1335 -3.1565, 40.1344 -3.1584, 40.1338 -3.1589, 40.1328 -3.1575, 40.1311 -3.1553, 40.1295 -3.1563))",EPSG:4326,"{""method"":""Foot or vehicle and used telescope"",""participants"":""DK, MN1, JA3, AS1, AF, LK""}"
20230204_sabaki,Water Bird Count,271,minutes,"Excellent, 75-99%",2023-02-04,09:14,Sabaki,Africa,Kenya,KE,Tana River,Sabaki,-3.16658,40.14167,WGS84,"POLYGON ((40.1295 -3.1563, 40.1303 -3.1576, 40.132 -3.1595, 40.1334 -3.1615, 40.1339 -3.1633, 40.1359 -3.1647, 40.1394 -3.1666, 40.1413 -3.1699, 40.1402 -3.1725, 40.1405 -3.1752, 40.144 -3.1781, 40.1459 -3.1763, 40.1484 -3.171, 40.1525 -3.1611, 40.149 -3.1583, 40.1467 -3.1581, 40.1454 -3.1574, 40.1424 -3.1545, 40.1389 -3.1541, 40.1349 -3.1522, 40.1328 -3.1529, 40.1335 -3.1565, 40.1344 -3.1584, 40.1338 -3.1589, 40.1328 -3.1575, 40.1311 -3.1553, 40.1295 -3.1563))",EPSG:4326,"{""method"":""Foot or vehicle and used telescope"",""water"":""Low tide"",""tidal"":""low tide"",""weather"":""no effect on count"",""disturbed"":""Strong effect"",""coverage"":""Excellent, 75-99%""}"
20230227_mida,Water Bird Count,140,minutes,,2023-02-27,08:00,Mida Creek,Africa,Kenya,KE,Kilifi,Mida Creek,-3.330189,39.967088,WGS84,"POLYGON ((39.9636 -3.3292, 39.9631 -3.3313, 39.9632 -3.3334, 39.9617 -3.3379, 39.9663 -3.3422, 39.9718 -3.3403, 39.9761 -3.3453, 39.978 -3.3495, 39.9886 -3.3435, 39.9847 -3.3382, 39.9833 -3.334, 39.9832 -3.3328, 39.9837 -3.3319, 39.985 -3.3301, 39.9863 -3.3289, 39.9879 -3.3265, 39.9901 -3.3244, 39.9881 -3.3208, 39.9843 -3.3209, 39.9816 -3.3211, 39.9788 -3.3213, 39.9758 -3.3219, 39.9725 -3.3229, 39.9698 -3.324, 39.9677 -3.3256, 39.9655 -3.3266, 39.9645 -3.3272, 39.9638 -3.3284, 39.9636 -3.3292))",EPSG:4326,"{""method"":""Foot or vehicle and used telescope""}"
20230308_sabaki,Water Bird Count,217,minutes,,2023-03-08,09:30,Sabaki,Africa,Kenya,KE,Tana River,Sabaki,-3.16658,40.14167,WGS84,"POLYGON ((40.1295 -3.1563, 40.1303 -3.1576, 40.132 -3.1595, 40.1334 -3.1615, 40.1339 -3.1633, 40.1359 -3.1647, 40.1394 -3.1666, 40.1413 -3.1699, 40.1402 -3.1725, 40.1405 -3.1752, 40.144 -3.1781, 40.1459 -3.1763, 40.1484 -3.171, 40.1525 -3.1611, 40.149 -3.1583, 40.1467 -3.1581, 40.1454 -3.1574, 40.1424 -3.1545, 40.1389 -3.1541, 40.1349 -3.1522, 40.1328 -3.1529, 40.1335 -3.1565, 40.1344 -3.1584, 40.1338 -3.1589, 40.1328 -3.1575, 40.1311 -3.1553, 40.1295 -3.1563))",EPSG:4326,"{""method"":""Foot or vehicle and used telescope""}"
20230328_mida,Water Bird Count,142,minutes,,2023-03-28,07:23,Mida Creek,Africa,Kenya,KE,Kilifi,Mida Creek,-3.330189,39.967088,WGS84,"POLYGON ((39.9636 -3.3292, 39.9631 -3.3313, 39.9632 -3.3334, 39.9617 -3.3379, 39.9663 -3.3422, 39.9718 -3.3403, 39.9761 -3.3453, 39.978 -3.3495, 39.9886 -3.3435, 39.9847 -3.3382, 39.9833 -3.334, 39.9832 -3.3328, 39.9837 -3.3319, 39.985 -3.3301, 39.9863 -3.3289, 39.9879 -3.3265, 39.9901 -3.3244, 39.9881 -3.3208, 39.9843 -3.3209, 39.9816 -3.3211, 39.9788 -3.3213, 39.9758 -3.3219, 39.9725 -3.3229, 39.9698 -3.324, 39.9677 -3.3256, 39.9655 -3.3266, 39.9645 -3.3272, 39.9638 -3.3284, 39.9636 -3.3292))",EPSG:4326,"{""method"":""Foot or vehicle and used telescope"",""participants"":""LK, AJ, DK, MY, JF1, EK1, KH, FS, MN1, MN,""}"
20230421_sabaki,Water Bird Count,222,minutes,,2023-04-21,09:40,Sabaki,Africa,Kenya,KE,Tana River,Sabaki,-3.16658,40.14167,WGS84,"POLYGON ((40.1295 -3.1563, 40.1303 -3.1576, 40.132 -3.1595, 40.1334 -3.1615, 40.1339 -3.1633, 40.1359 -3.1647, 40.1394 -3.1666, 40.1413 -3.1699, 40.1402 -3.1725, 40.1405 -3.1752, 40.144 -3.1781, 40.1459 -3.1763, 40.1484 -3.171, 40.1525 -3.1611, 40.149 -3.1583, 40.1467 -3.1581, 40.1454 -3.1574, 40.1424 -3.1545, 40.1389 -3.1541, 40.1349 -3.1522, 40.1328 -3.1529, 40.1335 -3.1565, 40.1344 -3.1584, 40.1338 -3.1589, 40.1328 -3.1575, 40.1311 -3.1553, 40.1295 -3.1563))",EPSG:4326,"{""method"":""Foot or vehicle and used telescope"",""participants"":""LK, DK, AJ, EK1, SK1, FA1, AL1, TA""}"
20230426_mida,Water Bird Count,150,minutes,,2023-04-26,07:30,Mida Creek,Africa,Kenya,KE,Kilifi,Mida Creek,-3.330189,39.967088,WGS84,"POLYGON ((39.9636 -3.3292, 39.9631 -3.3313, 39.9632 -3.3334, 39.9617 -3.3379, 39.9663 -3.3422, 39.9718 -3.3403, 39.9761 -3.3453, 39.978 -3.3495, 39.9886 -3.3435, 39.9847 -3.3382, 39.9833 -3.334, 39.9832 -3.3328, 39.9837 -3.3319, 39.985 -3.3301, 39.9863 -3.3289, 39.9879 -3.3265, 39.9901 -3.3244, 39.9881 -3.3208, 39.9843 -3.3209, 39.9816 -3.3211, 39.9788 -3.3213, 39.9758 -3.3219, 39.9725 -3.3229, 39.9698 -3.324, 39.9677 -3.3256, 39.9655 -3.3266, 39.9645 -3.3272, 39.9638 -3.3284, 39.9636 -3.3292))",EPSG:4326,"{""method"":""Foot or vehicle and used telescope"",""participants"":""AL1, FA1, LK""}"
20230512_mida,Water Bird Count,110,minutes,,2023-05-12,09:10,Mida Creek,Africa,Kenya,KE,Kilifi,Mida Creek,-3.330189,39.967088,WGS84,"POLYGON ((39.9636 -3.3292, 39.9631 -3.3313, 39.9632 -3.3334, 39.9617 -3.3379, 39.9663 -3.3422, 39.9718 -3.3403, 39.9761 -3.3453, 39.978 -3.3495, 39.9886 -3.3435, 39.9847 -3.3382, 39.9833 -3.334, 39.9832 -3.3328, 39.9837 -3.3319, 39.985 -3.3301, 39.9863 -3.3289, 39.9879 -3.3265, 39.9901 -3.3244, 39.9881 -3.3208, 39.9843 -3.3209, 39.9816 -3.3211, 39.9788 -3.3213, 39.9758 -3.3219, 39.9725 -3.3229, 39.9698 -3.324, 39.9677 -3.3256, 39.9655 -3.3266, 39.9645 -3.3272, 39.9638 -3.3284, 39.9636 -3.3292))",EPSG:4326,"{""method"":""Foot or vehicle and used telescope"",""participants"":""DK, FA1, LK""}"
20230519_sabaki,Water Bird Count,161,minutes,,2023-05-19,09:09,Sabaki,Africa,Kenya,KE,Tana River,Sabaki,-3.16658,40.14167,WGS84,"POLYGON ((40.1295 -3.1563, 40.1303 -3.1576, 40.132 -3.1595, 40.1334 -3.1615, 40.1339 -3.1633, 40.1359 -3.1647, 40.1394 -3.1666, 40.1413 -3.1699, 40.1402 -3.1725, 40.1405 -3.1752, 40.144 -3.1781, 40.1459 -3.1763, 40.1484 -3.171, 40.1525 -3.1611, 40.149 -3.1583, 40.1467 -3.1581, 40.1454 -3.1574, 40.1424 -3.1545, 40.1389 -3.1541, 40.1349 -3.1522, 40.1328 -3.1529, 40.1335 -3.1565, 40.1344 -3.1584, 40.1338 -3.1589, 40.1328 -3.1575, 40.1311 -3.1553, 40.1295 -3.1563))",EPSG:4326,"{""method"":""Foot or vehicle and used telescope"",""participants"":""EK1, ND, JA3, LK""}"
20230620_sabaki,Water Bird Count,122,minutes,,2023-06-20,09:28,Sabaki,Africa,Kenya,KE,Tana River,Sabaki,-3.16658,40.14167,WGS84,"POLYGON ((40.1295 -3.1563, 40.1303 -3.1576, 40.132 -3.1595, 40.1334 -3.1615, 40.1339 -3.1633, 40.1359 -3.1647, 40.1394 -3.1666, 40.1413 -3.1699, 40.1402 -3.1725, 40.1405 -3.1752, 40.144 -3.1781, 40.1459 -3.1763, 40.1484 -3.171, 40.1525 -3.1611, 40.149 -3.1583, 40.1467 -3.1581, 40.1454 -3.1574, 40.1424 -3.1545, 40.1389 -3.1541, 40.1349 -3.1522, 40.1328 -3.1529, 40.1335 -3.1565, 40.1344 -3.1584, 40.1338 -3.1589, 40.1328 -3.1575, 40.1311 -3.1553, 40.1295 -3.1563))",EPSG:4326,"{""method"":""Foot or vehicle and used telescope"",""participants"":""AJ3, EK1, MN1, RK, LK, Imnet, Magdaline""}"
20230727_mida,Water Bird Count,52,minutes,,2023-07-27,09:04,Mida Creek,Africa,Kenya,KE,Kilifi,Mida Creek,-3.330189,39.967088,WGS84,"POLYGON ((39.9636 -3.3292, 39.9631 -3.3313, 39.9632 -3.3334, 39.9617 -3.3379, 39.9663 -3.3422, 39.9718 -3.3403, 39.9761 -3.3453, 39.978 -3.3495, 39.9886 -3.3435, 39.9847 -3.3382, 39.9833 -3.334, 39.9832 -3.3328, 39.9837 -3.3319, 39.985 -3.3301, 39.9863 -3.3289, 39.9879 -3.3265, 39.9901 -3.3244, 39.9881 -3.3208, 39.9843 -3.3209, 39.9816 -3.3211, 39.9788 -3.3213, 39.9758 -3.3219, 39.9725 -3.3229, 39.9698 -3.324, 39.9677 -3.3256, 39.9655 -3.3266, 39.9645 -3.3272, 39.9638 -3.3284, 39.9636 -3.3292))",EPSG:4326,"{""method"":""Foot or vehicle and used telescope"",""participants"":""SK1, MA2, DK""}"
20230731_sabaki,Water Bird Count,171,minutes,,2023-07-31,08:14,Sabaki,Africa,Kenya,KE,Tana River,Sabaki,-3.16658,40.14167,WGS84,"POLYGON ((40.1295 -3.1563, 40.1303 -3.1576, 40.132 -3.1595, 40.1334 -3.1615, 40.1339 -3.1633, 40.1359 -3.1647, 40.1394 -3.1666, 40.1413 -3.1699, 40.1402 -3.1725, 40.1405 -3.1752, 40.144 -3.1781, 40.1459 -3.1763, 40.1484 -3.171, 40.1525 -3.1611, 40.149 -3.1583, 40.1467 -3.1581, 40.1454 -3.1574, 40.1424 -3.1545, 40.1389 -3.1541, 40.1349 -3.1522, 40.1328 -3.1529, 40.1335 -3.1565, 40.1344 -3.1584, 40.1338 -3.1589, 40.1328 -3.1575, 40.1311 -3.1553, 40.1295 -3.1563))",EPSG:4326,"{""method"":""Foot or vehicle and used telescope"",""participants"":""DK, SK2, JA3, AB, Beate""}"
20230811_mida,Water Bird Count,45,minutes,,2023-08-11,11:30,Mida Creek,Africa,Kenya,KE,Kilifi,Mida Creek,-3.330189,39.967088,WGS84,"POLYGON ((39.9636 -3.3292, 39.9631 -3.3313, 39.9632 -3.3334, 39.9617 -3.3379, 39.9663 -3.3422, 39.9718 -3.3403, 39.9761 -3.3453, 39.978 -3.3495, 39.9886 -3.3435, 39.9847 -3.3382, 39.9833 -3.334, 39.9832 -3.3328, 39.9837 -3.3319, 39.985 -3.3301, 39.9863 -3.3289, 39.9879 -3.3265, 39.9901 -3.3244, 39.9881 -3.3208, 39.9843 -3.3209, 39.9816 -3.3211, 39.9788 -3.3213, 39.9758 -3.3219, 39.9725 -3.3229, 39.9698 -3.324, 39.9677 -3.3256, 39.9655 -3.3266, 39.9645 -3.3272, 39.9638 -3.3284, 39.9636 -3.3292))",EPSG:4326,"{""method"":""Foot or vehicle and used telescope"",""participants"":""MN1, JA, FA1, SK2, AR, DK, RK""}"
20230830_sabaki,Water Bird Count,233,minutes,,2023-08-30,07:45,Sabaki,Africa,Kenya,KE,Tana River,Sabaki,-3.16658,40.14167,WGS84,"POLYGON ((40.1295 -3.1563, 40.1303 -3.1576, 40.132 -3.1595, 40.1334 -3.1615, 40.1339 -3.1633, 40.1359 -3.1647, 40.1394 -3.1666, 40.1413 -3.1699, 40.1402 -3.1725, 40.1405 -3.1752, 40.144 -3.1781, 40.1459 -3.1763, 40.1484 -3.171, 40.1525 -3.1611, 40.149 -3.1583, 40.1467 -3.1581, 40.1454 -3.1574, 40.1424 -3.1545, 40.1389 -3.1541, 40.1349 -3.1522, 40.1328 -3.1529, 40.1335 -3.1565, 40.1344 -3.1584, 40.1338 -3.1589, 40.1328 -3.1575, 40.1311 -3.1553, 40.1295 -3.1563))",EPSG:4326,"{""method"":""Foot or vehicle and used telescope"",""participants"":""DK, SK2, EK1, RK, JA3, AB""}"
20230909_mida,Water Bird Count,98,minutes,,2023-09-09,11:30,Mida Creek,Africa,Kenya,KE,Kilifi,Mida Creek,-3.330189,39.967088,WGS84,"POLYGON ((39.9636 -3.3292, 39.9631 -3.3313, 39.9632 -3.3334, 39.9617 -3.3379, 39.9663 -3.3422, 39.9718 -3.3403, 39.9761 -3.3453, 39.978 -3.3495, 39.9886 -3.3435, 39.9847 -3.3382, 39.9833 -3.334, 39.9832 -3.3328, 39.9837 -3.3319, 39.985 -3.3301, 39.9863 -3.3289, 39.9879 -3.3265, 39.9901 -3.3244, 39.9881 -3.3208, 39.9843 -3.3209, 39.9816 -3.3211, 39.9788 -3.3213, 39.9758 -3.3219, 39.9725 -3.3229, 39.9698 -3.324, 39.9677 -3.3256, 39.9655 -3.3266, 39.9645 -3.3272, 39.9638 -3.3284, 39.9636 -3.3292))",EPSG:4326,"{""method"":""Foot or vehicle and used telescope"",""participants"":""DK, EK1, LK""}"
20230929_sabaki,Water Bird Count,200,minutes,,2023-09-29,08:30,Sabaki,Africa,Kenya,KE,Tana River,Sabaki,-3.16658,40.14167,WGS84,"POLYGON ((40.1295 -3.1563, 40.1303 -3.1576, 40.132 -3.1595, 40.1334 -3.1615, 40.1339 -3.1633, 40.1359 -3.1647, 40.1394 -3.1666, 40.1413 -3.1699, 40.1402 -3.1725, 40.1405 -3.1752, 40.144 -3.1781, 40.1459 -3.1763, 40.1484 -3.171, 40.1525 -3.1611, 40.149 -3.1583, 40.1467 -3.1581, 40.1454 -3.1574, 40.1424 -3.1545, 40.1389 -3.1541, 40.1349 -3.1522, 40.1328 -3.1529, 40.1335 -3.1565, 40.1344 -3.1584, 40.1338 -3.1589, 40.1328 -3.1575, 40.1311 -3.1553, 40.1295 -3.1563))",EPSG:4326,"{""method"":""Foot or vehicle and used telescope"",""participants"":""MN1, DK, SK2, STB, LK""}"
20231009_mida,Water Bird Count,95,minutes,,2023-10-09,12:15,Mida Creek,Africa,Kenya,KE,Kilifi,Mida Creek,-3.330189,39.967088,WGS84,"POLYGON ((39.9636 -3.3292, 39.9631 -3.3313, 39.9632 -3.3334, 39.9617 -3.3379, 39.9663 -3.3422, 39.9718 -3.3403, 39.9761 -3.3453, 39.978 -3.3495, 39.9886 -3.3435, 39.9847 -3.3382, 39.9833 -3.334, 39.9832 -3.3328, 39.9837 -3.3319, 39.985 -3.3301, 39.9863 -3.3289, 39.9879 -3.3265, 39.9901 -3.3244, 39.9881 -3.3208, 39.9843 -3.3209, 39.9816 -3.3211, 39.9788 -3.3213, 39.9758 -3.3219, 39.9725 -3.3229, 39.9698 -3.324, 39.9677 -3.3256, 39.9655 -3.3266, 39.9645 -3.3272, 39.9638 -3.3284, 39.9636 -3.3292))",EPSG:4326,"{""method"":""Foot or vehicle and used telescope"",""participants"":""STB, AR, DK, LK""}"
20231027_sabaki,Water Bird Count,206,minutes,,2023-10-27,08:00,Sabaki,Africa,Kenya,KE,Tana River,Sabaki,-3.16658,40.14167,WGS84,"POLYGON ((40.1295 -3.1563, 40.1303 -3.1576, 40.132 -3.1595, 40.1334 -3.1615, 40.1339 -3.1633, 40.1359 -3.1647, 40.1394 -3.1666, 40.1413 -3.1699, 40.1402 -3.1725, 40.1405 -3.1752, 40.144 -3.1781, 40.1459 -3.1763, 40.1484 -3.171, 40.1525 -3.1611, 40.149 -3.1583, 40.1467 -3.1581, 40.1454 -3.1574, 40.1424 -3.1545, 40.1389 -3.1541, 40.1349 -3.1522, 40.1328 -3.1529, 40.1335 -3.1565, 40.1344 -3.1584, 40.1338 -3.1589, 40.1328 -3.1575, 40.1311 -3.1553, 40.1295 -3.1563))",EPSG:4326,"{""method"":""Foot or vehicle and used telescope"",""participants"":""SK2, JA2, FA1, MB, DK, LK""}"
20231108_mida,Water Bird Count,130,minutes,,2023-11-08,12:00,Mida Creek,Africa,Kenya,KE,Kilifi,Mida Creek,-3.330189,39.967088,WGS84,"POLYGON ((39.9636 -3.3292, 39.9631 -3.3313, 39.9632 -3.3334, 39.9617 -3.3379, 39.9663 -3.3422, 39.9718 -3.3403, 39.9761 -3.3453, 39.978 -3.3495, 39.9886 -3.3435, 39.9847 -3.3382, 39.9833 -3.334, 39.9832 -3.3328, 39.9837 -3.3319, 39.985 -3.3301, 39.9863 -3.3289, 39.9879 -3.3265, 39.9901 -3.3244, 39.9881 -3.3208, 39.9843 -3.3209, 39.9816 -3.3211, 39.9788 -3.3213, 39.9758 -3.3219, 39.9725 -3.3229, 39.9698 -3.324, 39.9677 -3.3256, 39.9655 -3.3266, 39.9645 -3.3272, 39.9638 -3.3284, 39.9636 -3.3292))",EPSG:4326,"{""method"":""Foot or vehicle and used telescope"",""participants"":""EK1, FA1, EM4, SK2, AS2, CT, LK""}"
20231128_sabaki,Water Bird Count,120,minutes,,2023-11-28,09:30,Sabaki,Africa,Kenya,KE,Tana River,Sabaki,-3.16658,40.14167,WGS84,"POLYGON ((40.1295 -3.1563, 40.1303 -3.1576, 40.132 -3.1595, 40.1334 -3.1615, 40.1339 -3.1633, 40.1359 -3.1647, 40.1394 -3.1666, 40.1413 -3.1699, 40.1402 -3.1725, 40.1405 -3.1752, 40.144 -3.1781, 40.1459 -3.1763, 40.1484 -3.171, 40.1525 -3.1611, 40.149 -3.1583, 40.1467 -3.1581, 40.1454 -3.1574, 40.1424 -3.1545, 40.1389 -3.1541, 40.1349 -3.1522, 40.1328 -3.1529, 40.1335 -3.1565, 40.1344 -3.1584, 40.1338 -3.1589, 40.1328 -3.1575, 40.1311 -3.1553, 40.1295 -3.1563))",EPSG:4326,"{""method"":""Foot or vehicle and used telescope"",""participants"":""JA2, EK1, STB, DK, LK""}"
20231213_sabaki,Water Bird Count,180,minutes,,2023-12-13,09:00,Sabaki,Africa,Kenya,KE,Tana River,Sabaki,-3.16658,40.14167,WGS84,"POLYGON ((40.1295 -3.1563, 40.1303 -3.1576, 40.132 -3.1595, 40.1334 -3.1615, 40.1339 -3.1633, 40.1359 -3.1647, 40.1394 -3.1666, 40.1413 -3.1699, 40.1402 -3.1725, 40.1405 -3.1752, 40.144 -3.1781, 40.1459 -3.1763, 40.1484 -3.171, 40.1525 -3.1611, 40.149 -3.1583, 40.1467 -3.1581, 40.1454 -3.1574, 40.1424 -3.1545, 40.1389 -3.1541, 40.1349 -3.1522, 40.1328 -3.1529, 40.1335 -3.1565, 40.1344 -3.1584, 40.1338 -3.1589, 40.1328 -3.1575, 40.1311 -3.1553, 40.1295 -3.1563))",EPSG:4326,"{""method"":""Foot or vehicle and used telescope"",""participants"":""JA2, EM, LK""}"
20231223_mida,Water Bird Count,103,minutes,,2023-12-23,12:27,Mida Creek,Africa,Kenya,KE,Kilifi,Mida Creek,-3.330189,39.967088,WGS84,"POLYGON ((39.9636 -3.3292, 39.9631 -3.3313, 39.9632 -3.3334, 39.9617 -3.3379, 39.9663 -3.3422, 39.9718 -3.3403, 39.9761 -3.3453, 39.978 -3.3495, 39.9886 -3.3435, 39.9847 -3.3382, 39.9833 -3.334, 39.9832 -3.3328, 39.9837 -3.3319, 39.985 -3.3301, 39.9863 -3.3289, 39.9879 -3.3265, 39.9901 -3.3244, 39.9881 -3.3208, 39.9843 -3.3209, 39.9816 -3.3211, 39.9788 -3.3213, 39.9758 -3.3219, 39.9725 -3.3229, 39.9698 -3.324, 39.9677 -3.3256, 39.9655 -3.3266, 39.9645 -3.3272, 39.9638 -3.3284, 39.9636 -3.3292))",EPSG:4326,"{""method"":""Foot or vehicle and used telescope"",""participants"":""LK, DK, JM1, SK2, AJ""}"
20240123_mida,Water Bird Count,120,minutes,,2024-01-23,14:30,Mida Creek,Africa,Kenya,KE,Kilifi,Mida Creek,-3.330189,39.967088,WGS84,"POLYGON ((39.9636 -3.3292, 39.9631 -3.3313, 39.9632 -3.3334, 39.9617 -3.3379, 39.9663 -3.3422, 39.9718 -3.3403, 39.9761 -3.3453, 39.978 -3.3495, 39.9886 -3.3435, 39.9847 -3.3382, 39.9833 -3.334, 39.9832 -3.3328, 39.9837 -3.3319, 39.985 -3.3301, 39.9863 -3.3289, 39.9879 -3.3265, 39.9901 -3.3244, 39.9881 -3.3208, 39.9843 -3.3209, 39.9816 -3.3211, 39.9788 -3.3213, 39.9758 -3.3219, 39.9725 -3.3229, 39.9698 -3.324, 39.9677 -3.3256, 39.9655 -3.3266, 39.9645 -3.3272, 39.9638 -3.3284, 39.9636 -3.3292))",EPSG:4326,"{""method"":""Foot or vehicle and used telescope"",""participants"":""LK, JM1, DS1, MN1, LK3, SP, EK2, AS2, BK, CA, AJ SM4""}"
20240124_sabaki,Water Bird Count,178,minutes,,2024-01-24,08:20,Sabaki,Africa,Kenya,KE,Tana River,Sabaki,-3.16658,40.14167,WGS84,"POLYGON ((40.1295 -3.1563, 40.1303 -3.1576, 40.132 -3.1595, 40.1334 -3.1615, 40.1339 -3.1633, 40.1359 -3.1647, 40.1394 -3.1666, 40.1413 -3.1699, 40.1402 -3.1725, 40.1405 -3.1752, 40.144 -3.1781, 40.1459 -3.1763, 40.1484 -3.171, 40.1525 -3.1611, 40.149 -3.1583, 40.1467 -3.1581, 40.1454 -3.1574, 40.1424 -3.1545, 40.1389 -3.1541, 40.1349 -3.1522, 40.1328 -3.1529, 40.1335 -3.1565, 40.1344 -3.1584, 40.1338 -3.1589, 40.1328 -3.1575, 40.1311 -3.1553, 40.1295 -3.1563))",EPSG:4326,"{""method"":""Foot or vehicle and used telescope"",""participants"":""CJ, STB, DK, AS, LB1, JMI, SM4, EK1""}"
20240221_mida,Water Bird Count,125,minutes,,2024-02-21,15:25,Mida Creek,Africa,Kenya,KE,Kilifi,Mida Creek,-3.330189,39.967088,WGS84,"POLYGON ((39.9636 -3.3292, 39.9631 -3.3313, 39.9632 -3.3334, 39.9617 -3.3379, 39.9663 -3.3422, 39.9718 -3.3403, 39.9761 -3.3453, 39.978 -3.3495, 39.9886 -3.3435, 39.9847 -3.3382, 39.9833 -3.334, 39.9832 -3.3328, 39.9837 -3.3319, 39.985 -3.3301, 39.9863 -3.3289, 39.9879 -3.3265, 39.9901 -3.3244, 39.9881 -3.3208, 39.9843 -3.3209, 39.9816 -3.3211, 39.9788 -3.3213, 39.9758 -3.3219, 39.9725 -3.3229, 39.9698 -3.324, 39.9677 -3.3256, 39.9655 -3.3266, 39.9645 -3.3272, 39.9638 -3.3284, 39.9636 -3.3292))",EPSG:4326,"{""method"":""Foot or vehicle and used telescope"",""participants"":""LK, EK1, MN1, AS2, JM1, LW""}"
20240223_sabaki,Water Bird Count,201,minutes,,2024-02-23,08:30,Sabaki,Africa,Kenya,KE,Tana River,Sabaki,-3.16658,40.14167,WGS84,"POLYGON ((40.1295 -3.1563, 40.1303 -3.1576, 40.132 -3.1595, 40.1334 -3.1615, 40.1339 -3.1633, 40.1359 -3.1647, 40.1394 -3.1666, 40.1413 -3.1699, 40.1402 -3.1725, 40.1405 -3.1752, 40.144 -3.1781, 40.1459 -3.1763, 40.1484 -3.171, 40.1525 -3.1611, 40.149 -3.1583, 40.1467 -3.1581, 40.1454 -3.1574, 40.1424 -3.1545, 40.1389 -3.1541, 40.1349 -3.1522, 40.1328 -3.1529, 40.1335 -3.1565, 40.1344 -3.1584, 40.1338 -3.1589, 40.1328 -3.1575, 40.1311 -3.1553, 40.1295 -3.1563))",EPSG:4326,"{""method"":""Foot or vehicle and used telescope"",""participants"":""LK, MN1, EN1, DK, JA3""}"
20240321_mida,Water Bird Count,113,minutes,,2024-03-21,14:37,Mida Creek,Africa,Kenya,KE,Kilifi,Mida Creek,-3.330189,39.967088,WGS84,"POLYGON ((39.9636 -3.3292, 39.9631 -3.3313, 39.9632 -3.3334, 39.9617 -3.3379, 39.9663 -3.3422, 39.9718 -3.3403, 39.9761 -3.3453, 39.978 -3.3495, 39.9886 -3.3435, 39.9847 -3.3382, 39.9833 -3.334, 39.9832 -3.3328, 39.9837 -3.3319, 39.985 -3.3301, 39.9863 -3.3289, 39.9879 -3.3265, 39.9901 -3.3244, 39.9881 -3.3208, 39.9843 -3.3209, 39.9816 -3.3211, 39.9788 -3.3213, 39.9758 -3.3219, 39.9725 -3.3229, 39.9698 -3.324, 39.9677 -3.3256, 39.9655 -3.3266, 39.9645 -3.3272, 39.9638 -3.3284, 39.9636 -3.3292))",EPSG:4326,"{""method"":""Foot or vehicle and used telescope"",""participants"":""LK,MN1,JH1,PW,DO,CMN""}"
20240322_sabaki,Water Bird Count,180,minutes,,2024-03-22,08:30,Sabaki,Africa,Kenya,KE,Tana River,Sabaki,-3.16658,40.14167,WGS84,"POLYGON ((40.1295 -3.1563, 40.1303 -3.1576, 40.132 -3.1595, 40.1334 -3.1615, 40.1339 -3.1633, 40.1359 -3.1647, 40.1394 -3.1666, 40.1413 -3.1699, 40.1402 -3.1725, 40.1405 -3.1752, 40.144 -3.1781, 40.1459 -3.1763, 40.1484 -3.171, 40.1525 -3.1611, 40.149 -3.1583, 40.1467 -3.1581, 40.1454 -3.1574, 40.1424 -3.1545, 40.1389 -3.1541, 40.1349 -3.1522, 40.1328 -3.1529, 40.1335 -3.1565, 40.1344 -3.1584, 40.1338 -3.1589, 40.1328 -3.1575, 40.1311 -3.1553, 40.1295 -3.1563))",EPSG:4326,"{""method"":""Foot or vehicle and used telescope"",""participants"":""LK,MN1,DK""}"
20240418_mida,Water Bird Count,43,minutes,"Moderate, 25-50%",2024-04-18,13:25,Mida Creek,Africa,Kenya,KE,Kilifi,Mida Creek,-3.330189,39.967088,WGS84,"POLYGON ((39.9636 -3.3292, 39.9631 -3.3313, 39.9632 -3.3334, 39.9617 -3.3379, 39.9663 -3.3422, 39.9718 -3.3403, 39.9761 -3.3453, 39.978 -3.3495, 39.9886 -3.3435, 39.9847 -3.3382, 39.9833 -3.334, 39.9832 -3.3328, 39.9837 -3.3319, 39.985 -3.3301, 39.9863 -3.3289, 39.9879 -3.3265, 39.9901 -3.3244, 39.9881 -3.3208, 39.9843 -3.3209, 39.9816 -3.3211, 39.9788 -3.3213, 39.9758 -3.3219, 39.9725 -3.3229, 39.9698 -3.324, 39.9677 -3.3256, 39.9655 -3.3266, 39.9645 -3.3272, 39.9638 -3.3284, 39.9636 -3.3292))",EPSG:4326,"{""method"":""Foot or vehicle"",""tidal"":""High tide"",""weather"":""No effect on count"",""coverage"":""Moderate, 25-50%"",""participants"":""AJ, CV, EK2""}"
20240424_sabaki,Water Bird Count,206,minutes,"Good, 50-75%",2024-04-24,08:49,Sabaki,Africa,Kenya,KE,Tana River,Sabaki,-3.16658,40.14167,WGS84,"POLYGON ((40.1295 -3.1563, 40.1303 -3.1576, 40.132 -3.1595, 40.1334 -3.1615, 40.1339 -3.1633, 40.1359 -3.1647, 40.1394 -3.1666, 40.1413 -3.1699, 40.1402 -3.1725, 40.1405 -3.1752, 40.144 -3.1781, 40.1459 -3.1763, 40.1484 -3.171, 40.1525 -3.1611, 40.149 -3.1583, 40.1467 -3.1581, 40.1454 -3.1574, 40.1424 -3.1545, 40.1389 -3.1541, 40.1349 -3.1522, 40.1328 -3.1529, 40.1335 -3.1565, 40.1344 -3.1584, 40.1338 -3.1589, 40.1328 -3.1575, 40.1311 -3.1553, 40.1295 -3.1563))",EPSG:4326,"{""method"":""Foot or vehicle"",""water"":""high level"",""tidal"":""low tide"",""weather"":""Little effect on count"",""coverage"":""Good, 50-75%"",""participants"":""CV, EK2 , LK, JA3, DK, CMN, EN1, JH1""}"
20240430_mida,Water Bird Count,86,minutes,"Good, 50-75%",2024-04-30,07:08,Mida Creek,Africa,Kenya,KE,Kilifi,Mida Creek,-3.330189,39.967088,WGS84,"POLYGON ((39.9636 -3.3292, 39.9631 -3.3313, 39.9632 -3.3334, 39.9617 -3.3379, 39.9663 -3.3422, 39.9718 -3.3403, 39.9761 -3.3453, 39.978 -3.3495, 39.9886 -3.3435, 39.9847 -3.3382, 39.9833 -3.334, 39.9832 -3.3328, 39.9837 -3.3319, 39.985 -3.3301, 39.9863 -3.3289, 39.9879 -3.3265, 39.9901 -3.3244, 39.9881 -3.3208, 39.9843 -3.3209, 39.9816 -3.3211, 39.9788 -3.3213, 39.9758 -3.3219, 39.9725 -3.3229, 39.9698 -3.324, 39.9677 -3.3256, 39.9655 -3.3266, 39.9645 -3.3272, 39.9638 -3.3284, 39.9636 -3.3292))",EPSG:4326,"{""method"":""Foot or vehicle"",""tidal"":""low tide"",""weather"":""No effect on count"",""coverage"":""Good, 50-75%"",""participants"":""CV, LK, EK2, CMN, KA, JW""}"
20240517_mida,Water Bird Count,68,minutes,"Good, 50-75%",2024-05-17,11:32,Mida Creek,Africa,Kenya,KE,Kilifi,Mida Creek,-3.330189,39.967088,WGS84,"POLYGON ((39.9636 -3.3292, 39.9631 -3.3313, 39.9632 -3.3334, 39.9617 -3.3379, 39.9663 -3.3422, 39.9718 -3.3403, 39.9761 -3.3453, 39.978 -3.3495, 39.9886 -3.3435, 39.9847 -3.3382, 39.9833 -3.334, 39.9832 -3.3328, 39.9837 -3.3319, 39.985 -3.3301, 39.9863 -3.3289, 39.9879 -3.3265, 39.9901 -3.3244, 39.9881 -3.3208, 39.9843 -3.3209, 39.9816 -3.3211, 39.9788 -3.3213, 39.9758 -3.3219, 39.9725 -3.3229, 39.9698 -3.324, 39.9677 -3.3256, 39.9655 -3.3266, 39.9645 -3.3272, 39.9638 -3.3284, 39.9636 -3.3292))",EPSG:4326,"{""method"":""Foot or vehicle"",""tidal"":""low tide"",""weather"":""No effect on count"",""coverage"":""Good, 50-75%"",""participants"":""LK, EK2, LL, LL2""}"
20240521_sabaki,Water Bird Count,167,minutes,"Good, 50-75%",2024-05-21,07:43,Sabaki,Africa,Kenya,KE,Tana River,Sabaki,-3.16658,40.14167,WGS84,"POLYGON ((40.1295 -3.1563, 40.1303 -3.1576, 40.132 -3.1595, 40.1334 -3.1615, 40.1339 -3.1633, 40.1359 -3.1647, 40.1394 -3.1666, 40.1413 -3.1699, 40.1402 -3.1725, 40.1405 -3.1752, 40.144 -3.1781, 40.1459 -3.1763, 40.1484 -3.171, 40.1525 -3.1611, 40.149 -3.1583, 40.1467 -3.1581, 40.1454 -3.1574, 40.1424 -3.1545, 40.1389 -3.1541, 40.1349 -3.1522, 40.1328 -3.1529, 40.1335 -3.1565, 40.1344 -3.1584, 40.1338 -3.1589, 40.1328 -3.1575, 40.1311 -3.1553, 40.1295 -3.1563))",EPSG:4326,"{""method"":""Foot or vehicle"",""tidal"":""low tide"",""weather"":""No effect on count"",""coverage"":""Good, 50-75%"",""participants"":""LK, EK2, DK, DM1, NB""}"
20240614_mida,Water Bird Count,66,minutes,"Good, 50-75%",2024-06-14,09:00,Mida Creek,Africa,Kenya,KE,Kilifi,Mida Creek,-3.330189,39.967088,WGS84,"POLYGON ((39.9636 -3.3292, 39.9631 -3.3313, 39.9632 -3.3334, 39.9617 -3.3379, 39.9663 -3.3422, 39.9718 -3.3403, 39.9761 -3.3453, 39.978 -3.3495, 39.9886 -3.3435, 39.9847 -3.3382, 39.9833 -3.334, 39.9832 -3.3328, 39.9837 -3.3319, 39.985 -3.3301, 39.9863 -3.3289, 39.9879 -3.3265, 39.9901 -3.3244, 39.9881 -3.3208, 39.9843 -3.3209, 39.9816 -3.3211, 39.9788 -3.3213, 39.9758 -3.3219, 39.9725 -3.3229, 39.9698 -3.324, 39.9677 -3.3256, 39.9655 -3.3266, 39.9645 -3.3272, 39.9638 -3.3284, 39.9636 -3.3292))",EPSG:4326,"{""method"":""Foot or vehicle"",""tidal"":""low tide"",""weather"":""No effect on count"",""coverage"":""Good, 50-75%"",""participants"":""LK,EK2,DK,JA,AS2,FK1,HM3,RM1""}"
20240621_sabaki,Water Bird Count,144,minutes,"Good, 50-75%",2024-06-21,08:51,Sabaki,Africa,Kenya,KE,Tana River,Sabaki,-3.16658,40.14167,WGS84,"POLYGON ((40.1295 -3.1563, 40.1303 -3.1576, 40.132 -3.1595, 40.1334 -3.1615, 40.1339 -3.1633, 40.1359 -3.1647, 40.1394 -3.1666, 40.1413 -3.1699, 40.1402 -3.1725, 40.1405 -3.1752, 40.144 -3.1781, 40.1459 -3.1763, 40.1484 -3.171, 40.1525 -3.1611, 40.149 -3.1583, 40.1467 -3.1581, 40.1454 -3.1574, 40.1424 -3.1545, 40.1389 -3.1541, 40.1349 -3.1522, 40.1328 -3.1529, 40.1335 -3.1565, 40.1344 -3.1584, 40.1338 -3.1589, 40.1328 -3.1575, 40.1311 -3.1553, 40.1295 -3.1563))",EPSG:4326,"{""method"":""Foot or vehicle"",""tidal"":""low tide"",""weather"":""No effect on count"",""coverage"":""Good, 50-75%"",""participants"":""JA,DK,JA3,AS2,HM3,RM1""}"
20240705_sabaki,Water Bird Count,167,minutes,"Good, 50-75%",2024-07-05,08:43,Sabaki,Africa,Kenya,KE,Tana River,Sabaki,-3.16658,40.14167,WGS84,"POLYGON ((40.1295 -3.1563, 40.1303 -3.1576, 40.132 -3.1595, 40.1334 -3.1615, 40.1339 -3.1633, 40.1359 -3.1647, 40.1394 -3.1666, 40.1413 -3.1699, 40.1402 -3.1725, 40.1405 -3.1752, 40.144 -3.1781, 40.1459 -3.1763, 40.1484 -3.171, 40.1525 -3.1611, 40.149 -3.1583, 40.1467 -3.1581, 40.1454 -3.1574, 40.1424 -3.1545, 40.1389 -3.1541, 40.1349 -3.1522, 40.1328 -3.1529, 40.1335 -3.1565, 40.1344 -3.1584, 40.1338 -3.1589, 40.1328 -3.1575, 40.1311 -3.1553, 40.1295 -3.1563))",EPSG:4326,"{""method"":""Foot or vehicle"",""tidal"":""low tide"",""weather"":""No effect on count"",""coverage"":""Good, 50-75%"",""participants"":""LK,EK2,DK,JA,AS2,FK1,SK2,LA,DEG""}"
20240716_mida,Water Bird Count,45,minutes,"Good, 50-75%",2024-07-16,10:27,Mida Creek,Africa,Kenya,KE,Kilifi,Mida Creek,-3.330189,39.967088,WGS84,"POLYGON ((39.9636 -3.3292, 39.9631 -3.3313, 39.9632 -3.3334, 39.9617 -3.3379, 39.9663 -3.3422, 39.9718 -3.3403, 39.9761 -3.3453, 39.978 -3.3495, 39.9886 -3.3435, 39.9847 -3.3382, 39.9833 -3.334, 39.9832 -3.3328, 39.9837 -3.3319, 39.985 -3.3301, 39.9863 -3.3289, 39.9879 -3.3265, 39.9901 -3.3244, 39.9881 -3.3208, 39.9843 -3.3209, 39.9816 -3.3211, 39.9788 -3.3213, 39.9758 -3.3219, 39.9725 -3.3229, 39.9698 -3.324, 39.9677 -3.3256, 39.9655 -3.3266, 39.9645 -3.3272, 39.9638 -3.3284, 39.9636 -3.3292))",EPSG:4326,"{""method"":""Foot or vehicle"",""tidal"":""low tide"",""weather"":""No effect on count"",""coverage"":""Good, 50-75%"",""participants"":""LK,EK2,DK,CMN,AR,MB""}"
20240814_mida,Water Bird Count,57,minutes,"Good, 50-75%",2024-08-14,08:58,Mida Creek,Africa,Kenya,KE,Kilifi,Mida Creek,-3.330189,39.967088,WGS84,"POLYGON ((39.9636 -3.3292, 39.9631 -3.3313, 39.9632 -3.3334, 39.9617 -3.3379, 39.9663 -3.3422, 39.9718 -3.3403, 39.9761 -3.3453, 39.978 -3.3495, 39.9886 -3.3435, 39.9847 -3.3382, 39.9833 -3.334, 39.9832 -3.3328, 39.9837 -3.3319, 39.985 -3.3301, 39.9863 -3.3289, 39.9879 -3.3265, 39.9901 -3.3244, 39.9881 -3.3208, 39.9843 -3.3209, 39.9816 -3.3211, 39.9788 -3.3213, 39.9758 -3.3219, 39.9725 -3.3229, 39.9698 -3.324, 39.9677 -3.3256, 39.9655 -3.3266, 39.9645 -3.3272, 39.9638 -3.3284, 39.9636 -3.3292))",EPSG:4326,"{""method"":""Foot or vehicle"",""tidal"":""low tide"",""weather"":""No effect on count"",""coverage"":""Good, 50-75%"",""participants"":""DK, LK, FK1, EK, CMN""}"
20240820_sabaki,Water Bird Count,230,minutes,"Good, 50-75%",2024-08-20,08:30,Sabaki,Africa,Kenya,KE,Tana River,Sabaki,-3.16658,40.14167,WGS84,"POLYGON ((40.1295 -3.1563, 40.1303 -3.1576, 40.132 -3.1595, 40.1334 -3.1615, 40.1339 -3.1633, 40.1359 -3.1647, 40.1394 -3.1666, 40.1413 -3.1699, 40.1402 -3.1725, 40.1405 -3.1752, 40.144 -3.1781, 40.1459 -3.1763, 40.1484 -3.171, 40.1525 -3.1611, 40.149 -3.1583, 40.1467 -3.1581, 40.1454 -3.1574, 40.1424 -3.1545, 40.1389 -3.1541, 40.1349 -3.1522, 40.1328 -3.1529, 40.1335 -3.1565, 40.1344 -3.1584, 40.1338 -3.1589, 40.1328 -3.1575, 40.1311 -3.1553, 40.1295 -3.1563))",EPSG:4326,"{""method"":""Foot or vehicle"",""tidal"":""low tide"",""weather"":""No effect on count"",""coverage"":""Good, 50-75%"",""participants"":""DK, LK, EK, SK2, JA3, CMN""}"
20240913_mida,Water Bird Count,86,minutes,"Good, 50-75%",2024-09-13,09:54,Mida Creek,Africa,Kenya,KE,Kilifi,Mida Creek,-3.330189,39.967088,WGS84,"POLYGON ((39.9636 -3.3292, 39.9631 -3.3313, 39.9632 -3.3334, 39.9617 -3.3379, 39.9663 -3.3422, 39.9718 -3.3403, 39.9761 -3.3453, 39.978 -3.3495, 39.9886 -3.3435, 39.9847 -3.3382, 39.9833 -3.334, 39.9832 -3.3328, 39.9837 -3.3319, 39.985 -3.3301, 39.9863 -3.3289, 39.9879 -3.3265, 39.9901 -3.3244, 39.9881 -3.3208, 39.9843 -3.3209, 39.9816 -3.3211, 39.9788 -3.3213, 39.9758 -3.3219, 39.9725 -3.3229, 39.9698 -3.324, 39.9677 -3.3256, 39.9655 -3.3266, 39.9645 -3.3272, 39.9638 -3.3284, 39.9636 -3.3292))",EPSG:4326,"{""method"":""Foot or vehicle"",""tidal"":""low tide"",""weather"":""No effect on count"",""coverage"":""Good, 50-75%"",""participants"":""JM4, EE, M,AA,MM2,LS1,EK1""}"
20240918_sabaki,Water Bird Count,190,minutes,"Good, 50-75%",2024-09-18,08:37,Sabaki,Africa,Kenya,KE,Tana River,Sabaki,-3.16658,40.14167,WGS84,"POLYGON ((40.1295 -3.1563, 40.1303 -3.1576, 40.132 -3.1595, 40.1334 -3.1615, 40.1339 -3.1633, 40.1359 -3.1647, 40.1394 -3.1666, 40.1413 -3.1699, 40.1402 -3.1725, 40.1405 -3.1752, 40.144 -3.1781, 40.1459 -3.1763, 40.1484 -3.171, 40.1525 -3.1611, 40.149 -3.1583, 40.1467 -3.1581, 40.1454 -3.1574, 40.1424 -3.1545, 40.1389 -3.1541, 40.1349 -3.1522, 40.1328 -3.1529, 40.1335 -3.1565, 40.1344 -3.1584, 40.1338 -3.1589, 40.1328 -3.1575, 40.1311 -3.1553, 40.1295 -3.1563))",EPSG:4326,"{""method"":""Foot or vehicle"",""tidal"":""low tide"",""weather"":""No effect on count"",""coverage"":""Good, 50-75%"",""participants"":""EK1,LK,CMN,DK,EK2""}"
20241012_mida,Water Bird Count,72,minutes,"Good, 50-75%",2024-10-12,11:00,Mida Creek,Africa,Kenya,KE,Kilifi,Mida Creek,-3.330189,39.967088,WGS84,"POLYGON ((39.9636 -3.3292, 39.9631 -3.3313, 39.9632 -3.3334, 39.9617 -3.3379, 39.9663 -3.3422, 39.9718 -3.3403, 39.9761 -3.3453, 39.978 -3.3495, 39.9886 -3.3435, 39.9847 -3.3382, 39.9833 -3.334, 39.9832 -3.3328, 39.9837 -3.3319, 39.985 -3.3301, 39.9863 -3.3289, 39.9879 -3.3265, 39.9901 -3.3244, 39.9881 -3.3208, 39.9843 -3.3209, 39.9816 -3.3211, 39.9788 -3.3213, 39.9758 -3.3219, 39.9725 -3.3229, 39.9698 -3.324, 39.9677 -3.3256, 39.9655 -3.3266, 39.9645 -3.3272, 39.9638 -3.3284, 39.9636 -3.3292))",EPSG:4326,"{""method"":""Foot or vehicle"",""tidal"":""low tide"",""weather"":""No effect on count"",""coverage"":""Good, 50-75%"",""participants"":""DK,EK1,MC,MAC,JDH,DSP""}"
20241018_sabaki,Water Bird Count,249,minutes,"Good, 50-75%",2024-10-18,08:45,Sabaki,Africa,Kenya,KE,Tana River,Sabaki,-3.16658,40.14167,WGS84,"POLYGON ((40.1295 -3.1563, 40.1303 -3.1576, 40.132 -3.1595, 40.1334 -3.1615, 40.1339 -3.1633, 40.1359 -3.1647, 40.1394 -3.1666, 40.1413 -3.1699, 40.1402 -3.1725, 40.1405 -3.1752, 40.144 -3.1781, 40.1459 -3.1763, 40.1484 -3.171, 40.1525 -3.1611, 40.149 -3.1583, 40.1467 -3.1581, 40.1454 -3.1574, 40.1424 -3.1545, 40.1389 -3.1541, 40.1349 -3.1522, 40.1328 -3.1529, 40.1335 -3.1565, 40.1344 -3.1584, 40.1338 -3.1589, 40.1328 -3.1575, 40.1311 -3.1553, 40.1295 -3.1563))",EPSG:4326,"{""method"":""Foot or vehicle"",""tidal"":""low tide"",""weather"":""No effect on count"",""coverage"":""Good, 50-75%"",""participants"":""LK,DK,EK1,CMN,ZZ""}"
20241210_mida,Water Bird Count,95,minutes,"Good, 50-75%",2024-12-10,09:50,Mida Creek,Africa,Kenya,KE,Kilifi,Mida Creek,-3.330189,39.967088,WGS84,"POLYGON ((39.9636 -3.3292, 39.9631 -3.3313, 39.9632 -3.3334, 39.9617 -3.3379, 39.9663 -3.3422, 39.9718 -3.3403, 39.9761 -3.3453, 39.978 -3.3495, 39.9886 -3.3435, 39.9847 -3.3382, 39.9833 -3.334, 39.9832 -3.3328, 39.9837 -3.3319, 39.985 -3.3301, 39.9863 -3.3289, 39.9879 -3.3265, 39.9901 -3.3244, 39.9881 -3.3208, 39.9843 -3.3209, 39.9816 -3.3211, 39.9788 -3.3213, 39.9758 -3.3219, 39.9725 -3.3229, 39.9698 -3.324, 39.9677 -3.3256, 39.9655 -3.3266, 39.9645 -3.3272, 39.9638 -3.3284, 39.9636 -3.3292))",EPSG:4326,"{""method"":""Foot or vehicle"",""tidal"":""low tide"",""weather"":""No effect on count"",""coverage"":""Good, 50-75%"",""participants"":""PM3,CN1,EK2,CJ""}"
20241213_sabaki,Water Bird Count,314,minutes,"Good, 50-75%",2024-12-13,07:16,Sabaki,Africa,Kenya,KE,Tana River,Sabaki,-3.16658,40.14167,WGS84,"POLYGON ((40.1295 -3.1563, 40.1303 -3.1576, 40.132 -3.1595, 40.1334 -3.1615, 40.1339 -3.1633, 40.1359 -3.1647, 40.1394 -3.1666, 40.1413 -3.1699, 40.1402 -3.1725, 40.1405 -3.1752, 40.144 -3.1781, 40.1459 -3.1763, 40.1484 -3.171, 40.1525 -3.1611, 40.149 -3.1583, 40.1467 -3.1581, 40.1454 -3.1574, 40.1424 -3.1545, 40.1389 -3.1541, 40.1349 -3.1522, 40.1328 -3.1529, 40.1335 -3.1565, 40.1344 -3.1584, 40.1338 -3.1589, 40.1328 -3.1575, 40.1311 -3.1553, 40.1295 -3.1563))",EPSG:4326,"{""method"":""Foot or vehicle"",""tidal"":""low tide"",""weather"":""No effect on count"",""coverage"":""Good, 50-75%"",""participants"":""JA3,DW,AS2,EK1,CG,DSP,MC,MAC,AJ,MKA,RM4,AK1,JK1,MM3,JK,SS1,VO,EL1,CN1""}"
20250127_mida,Water Bird Count,85,minutes,"Good, 50-75%",2025-01-27,15:40,Mida Creek,Africa,Kenya,KE,Kilifi,Mida Creek,-3.330189,39.967088,WGS84,"POLYGON ((39.9636 -3.3292, 39.9631 -3.3313, 39.9632 -3.3334, 39.9617 -3.3379, 39.9663 -3.3422, 39.9718 -3.3403, 39.9761 -3.3453, 39.978 -3.3495, 39.9886 -3.3435, 39.9847 -3.3382, 39.9833 -3.334, 39.9832 -3.3328, 39.9837 -3.3319, 39.985 -3.3301, 39.9863 -3.3289, 39.9879 -3.3265, 39.9901 -3.3244, 39.9881 -3.3208, 39.9843 -3.3209, 39.9816 -3.3211, 39.9788 -3.3213, 39.9758 -3.3219, 39.9725 -3.3229, 39.9698 -3.324, 39.9677 -3.3256, 39.9655 -3.3266, 39.9645 -3.3272, 39.9638 -3.3284, 39.9636 -3.3292))",EPSG:4326,"{""method"":""Foot or vehicle"",""tidal"":""low tide"",""coverage"":""Good, 50-75%"",""participants"":""LK, MNM, AJ, FA2, AS, SK, CN, DW""}"
20250128_sabaki,Water Bird Count,220,minutes,"Good, 50-75%",2025-01-28,08:20,Sabaki,Africa,Kenya,KE,Tana River,Sabaki,-3.16658,40.14167,WGS84,"POLYGON ((40.1295 -3.1563, 40.1303 -3.1576, 40.132 -3.1595, 40.1334 -3.1615, 40.1339 -3.1633, 40.1359 -3.1647, 40.1394 -3.1666, 40.1413 -3.1699, 40.1402 -3.1725, 40.1405 -3.1752, 40.144 -3.1781, 40.1459 -3.1763, 40.1484 -3.171, 40.1525 -3.1611, 40.149 -3.1583, 40.1467 -3.1581, 40.1454 -3.1574, 40.1424 -3.1545, 40.1389 -3.1541, 40.1349 -3.1522, 40.1328 -3.1529, 40.1335 -3.1565, 40.1344 -3.1584, 40.1338 -3.1589, 40.1328 -3.1575, 40.1311 -3.1553, 40.1295 -3.1563))",EPSG:4326,"{""method"":""Foot or vehicle"",""tidal"":""low tide"",""weather"":""No effect on count"",""coverage"":""Good, 50-75%"",""participants"":""LK, AB, JA3, SK, JB4, SK2, PM3, MNM, STB, JM3, CN, JDH""}"
20250220_mida,Water Bird Count,120,minutes,,2025-02-20,07:30,Mida Creek,Africa,Kenya,KE,Kilifi,Mida Creek,-3.330189,39.967088,WGS84,"POLYGON ((39.9636 -3.3292, 39.9631 -3.3313, 39.9632 -3.3334, 39.9617 -3.3379, 39.9663 -3.3422, 39.9718 -3.3403, 39.9761 -3.3453, 39.978 -3.3495, 39.9886 -3.3435, 39.9847 -3.3382, 39.9833 -3.334, 39.9832 -3.3328, 39.9837 -3.3319, 39.985 -3.3301, 39.9863 -3.3289, 39.9879 -3.3265, 39.9901 -3.3244, 39.9881 -3.3208, 39.9843 -3.3209, 39.9816 -3.3211, 39.9788 -3.3213, 39.9758 -3.3219, 39.9725 -3.3229, 39.9698 -3.324, 39.9677 -3.3256, 39.9655 -3.3266, 39.9645 -3.3272, 39.9638 -3.3284, 39.9636 -3.3292))",EPSG:4326,"{""method"":""Foot or vehicle"",""participants"":""LK, DK, EK1, PK1, JDH, SS1, DS2, TK, NM1""}"
20250226_sabaki,Water Bird Count,200,minutes,,2025-02-26,09:10,Sabaki,Africa,Kenya,KE,Tana River,Sabaki,-3.16658,40.14167,WGS84,"POLYGON ((40.1295 -3.1563, 40.1303 -3.1576, 40.132 -3.1595, 40.1334 -3.1615, 40.1339 -3.1633, 40.1359 -3.1647, 40.1394 -3.1666, 40.1413 -3.1699, 40.1402 -3.1725, 40.1405 -3.1752, 40.144 -3.1781, 40.1459 -3.1763, 40.1484 -3.171, 40.1525 -3.1611, 40.149 -3.1583, 40.1467 -3.1581, 40.1454 -3.1574, 40.1424 -3.1545, 40.1389 -3.1541, 40.1349 -3.1522, 40.1328 -3.1529, 40.1335 -3.1565, 40.1344 -3.1584, 40.1338 -3.1589, 40.1328 -3.1575, 40.1311 -3.1553, 40.1295 -3.1563))",EPSG:4326,"{""method"":""Foot or vehicle"",""participants"":""EK1, LK, NM1, WG, DK1, JA3""}"
20250328_sabaki,Water Bird Count,,minutes,,2025-03-28,09:00,Sabaki,Africa,Kenya,KE,Tana River,Sabaki,-3.16658,40.14167,WGS84,"POLYGON ((40.1295 -3.1563, 40.1303 -3.1576, 40.132 -3.1595, 40.1334 -3.1615, 40.1339 -3.1633, 40.1359 -3.1647, 40.1394 -3.1666, 40.1413 -3.1699, 40.1402 -3.1725, 40.1405 -3.1752, 40.144 -3.1781, 40.1459 -3.1763, 40.1484 -3.171, 40.1525 -3.1611, 40.149 -3.1583, 40.1467 -3.1581, 40.1454 -3.1574, 40.1424 -3.1545, 40.1389 -3.1541, 40.1349 -3.1522, 40.1328 -3.1529, 40.1335 -3.1565, 40.1344 -3.1584, 40.1338 -3.1589, 40.1328 -3.1575, 40.1311 -3.1553, 40.1295 -3.1563))",EPSG:4326,"{""method"":""Foot or vehicle"",""participants"":""LK, EK1""}"
20250411_sabaki,Water Bird Count,180,minutes,,2025-04-11,08:00,Sabaki,Africa,Kenya,KE,Tana River,Sabaki,-3.16658,40.14167,WGS84,"POLYGON ((40.1295 -3.1563, 40.1303 -3.1576, 40.132 -3.1595, 40.1334 -3.1615, 40.1339 -3.1633, 40.1359 -3.1647, 40.1394 -3.1666, 40.1413 -3.1699, 40.1402 -3.1725, 40.1405 -3.1752, 40.144 -3.1781, 40.1459 -3.1763, 40.1484 -3.171, 40.1525 -3.1611, 40.149 -3.1583, 40.1467 -3.1581, 40.1454 -3.1574, 40.1424 -3.1545, 40.1389 -3.1541, 40.1349 -3.1522, 40.1328 -3.1529, 40.1335 -3.1565, 40.1344 -3.1584, 40.1338 -3.1589, 40.1328 -3.1575, 40.1311 -3.1553, 40.1295 -3.1563))",EPSG:4326,"{""method"":""Foot or vehicle"",""participants"":""JA3, SK2, EK1, DK1, LK""}"
20250419_mida,Water Bird Count,62,minutes,,2025-04-19,08:18,Mida Creek,Africa,Kenya,KE,Kilifi,Mida Creek,-3.330189,39.967088,WGS84,"POLYGON ((39.9636 -3.3292, 39.9631 -3.3313, 39.9632 -3.3334, 39.9617 -3.3379, 39.9663 -3.3422, 39.9718 -3.3403, 39.9761 -3.3453, 39.978 -3.3495, 39.9886 -3.3435, 39.9847 -3.3382, 39.9833 -3.334, 39.9832 -3.3328, 39.9837 -3.3319, 39.985 -3.3301, 39.9863 -3.3289, 39.9879 -3.3265, 39.9901 -3.3244, 39.9881 -3.3208, 39.9843 -3.3209, 39.9816 -3.3211, 39.9788 -3.3213, 39.9758 -3.3219, 39.9725 -3.3229, 39.9698 -3.324, 39.9677 -3.3256, 39.9655 -3.3266, 39.9645 -3.3272, 39.9638 -3.3284, 39.9636 -3.3292))",EPSG:4326,"{""method"":""Foot or vehicle"",""participants"":""LK, EK1, CJ, AK4, MK4, UK""}"
20250512_sabaki,Water Bird Count,164,minutes,,2025-05-12,08:50,Sabaki,Africa,Kenya,KE,Tana River,Sabaki,-3.16658,40.14167,WGS84,"POLYGON ((40.1295 -3.1563, 40.1303 -3.1576, 40.132 -3.1595, 40.1334 -3.1615, 40.1339 -3.1633, 40.1359 -3.1647, 40.1394 -3.1666, 40.1413 -3.1699, 40.1402 -3.1725, 40.1405 -3.1752, 40.144 -3.1781, 40.1459 -3.1763, 40.1484 -3.171, 40.1525 -3.1611, 40.149 -3.1583, 40.1467 -3.1581, 40.1454 -3.1574, 40.1424 -3.1545, 40.1389 -3.1541, 40.1349 -3.1522, 40.1328 -3.1529, 40.1335 -3.1565, 40.1344 -3.1584, 40.1338 -3.1589, 40.1328 -3.1575, 40.1311 -3.1553, 40.1295 -3.1563))",EPSG:4326,"{""method"":""Foot or vehicle"",""participants"":""EK1, LK, DK1, JA3, DM2""}"
20250519_mida,Water Bird Count,67,minutes,,2025-05-19,08:08,Mida Creek,Africa,Kenya,KE,Kilifi,Mida Creek,-3.330189,39.967088,WGS84,"POLYGON ((39.9636 -3.3292, 39.9631 -3.3313, 39.9632 -3.3334, 39.9617 -3.3379, 39.9663 -3.3422, 39.9718 -3.3403, 39.9761 -3.3453, 39.978 -3.3495, 39.9886 -3.3435, 39.9847 -3.3382, 39.9833 -3.334, 39.9832 -3.3328, 39.9837 -3.3319, 39.985 -3.3301, 39.9863 -3.3289, 39.9879 -3.3265, 39.9901 -3.3244, 39.9881 -3.3208, 39.9843 -3.3209, 39.9816 -3.3211, 39.9788 -3.3213, 39.9758 -3.3219, 39.9725 -3.3229, 39.9698 -3.324, 39.9677 -3.3256, 39.9655 -3.3266, 39.9645 -3.3272, 39.9638 -3.3284, 39.9636 -3.3292))",EPSG:4326,"{""method"":""Foot or vehicle"",""participants"":""Not noted""}"
20250603_mida,Water Bird Count,50,minutes,,2025-06-03,09:00,Mida Creek,Africa,Kenya,KE,Kilifi,Mida Creek,-3.330189,39.967088,WGS84,"POLYGON ((39.9636 -3.3292, 39.9631 -3.3313, 39.9632 -3.3334, 39.9617 -3.3379, 39.9663 -3.3422, 39.9718 -3.3403, 39.9761 -3.3453, 39.978 -3.3495, 39.9886 -3.3435, 39.9847 -3.3382, 39.9833 -3.334, 39.9832 -3.3328, 39.9837 -3.3319, 39.985 -3.3301, 39.9863 -3.3289, 39.9879 -3.3265, 39.9901 -3.3244, 39.9881 -3.3208, 39.9843 -3.3209, 39.9816 -3.3211, 39.9788 -3.3213, 39.9758 -3.3219, 39.9725 -3.3229, 39.9698 -3.324, 39.9677 -3.3256, 39.9655 -3.3266, 39.9645 -3.3272, 39.9638 -3.3284, 39.9636 -3.3292))",EPSG:4326,"{""method"":""Foot or vehicle"",""participants"":""LK, DK1, AR, MB, CNM, SN1, TW, JL, MT""}"
20250612_sabaki,Water Bird Count,135,minutes,,2025-06-12,09:15,Sabaki,Africa,Kenya,KE,Tana River,Sabaki,-3.16658,40.14167,WGS84,"POLYGON ((40.1295 -3.1563, 40.1303 -3.1576, 40.132 -3.1595, 40.1334 -3.1615, 40.1339 -3.1633, 40.1359 -3.1647, 40.1394 -3.1666, 40.1413 -3.1699, 40.1402 -3.1725, 40.1405 -3.1752, 40.144 -3.1781, 40.1459 -3.1763, 40.1484 -3.171, 40.1525 -3.1611, 40.149 -3.1583, 40.1467 -3.1581, 40.1454 -3.1574, 40.1424 -3.1545, 40.1389 -3.1541, 40.1349 -3.1522, 40.1328 -3.1529, 40.1335 -3.1565, 40.1344 -3.1584, 40.1338 -3.1589, 40.1328 -3.1575, 40.1311 -3.1553, 40.1295 -3.1563))",EPSG:4326,"{""method"":""Foot or vehicle"",""participants"":""LK, DK1, EK1, JA3, CNM, AM1""}"
20250704_mida,Water Bird Count,50,minutes,,2025-07-04,09:30,Mida Creek,Africa,Kenya,KE,Kilifi,Mida Creek,-3.330189,39.967088,WGS84,"POLYGON ((39.9636 -3.3292, 39.9631 -3.3313, 39.9632 -3.3334, 39.9617 -3.3379, 39.9663 -3.3422, 39.9718 -3.3403, 39.9761 -3.3453, 39.978 -3.3495, 39.9886 -3.3435, 39.9847 -3.3382, 39.9833 -3.334, 39.9832 -3.3328, 39.9837 -3.3319, 39.985 -3.3301, 39.9863 -3.3289, 39.9879 -3.3265, 39.9901 -3.3244, 39.9881 -3.3208, 39.9843 -3.3209, 39.9816 -3.3211, 39.9788 -3.3213, 39.9758 -3.3219, 39.9725 -3.3229, 39.9698 -3.324, 39.9677 -3.3256, 39.9655 -3.3266, 39.9645 -3.3272, 39.9638 -3.3284, 39.9636 -3.3292))",EPSG:4326,"{""method"":""Foot or vehicle"",""participants"":""LK, DK1, TW, MT, FT1""}"
20250723_sabaki,Water Bird Count,204,minutes,,2025-07-23,07:37,Sabaki,Africa,Kenya,KE,Tana River,Sabaki,-3.16658,40.14167,WGS84,"POLYGON ((40.1295 -3.1563, 40.1303 -3.1576, 40.132 -3.1595, 40.1334 -3.1615, 40.1339 -3.1633, 40.1359 -3.1647, 40.1394 -3.1666, 40.1413 -3.1699, 40.1402 -3.1725, 40.1405 -3.1752, 40.144 -3.1781, 40.1459 -3.1763, 40.1484 -3.171, 40.1525 -3.1611, 40.149 -3.1583, 40.1467 -3.1581, 40.1454 -3.1574, 40.1424 -3.1545, 40.1389 -3.1541, 40.1349 -3.1522, 40.1328 -3.1529, 40.1335 -3.1565, 40.1344 -3.1584, 40.1338 -3.1589, 40.1328 -3.1575, 40.1311 -3.1553, 40.1295 -3.1563))",EPSG:4326,"{""method"":""Foot or vehicle"",""participants"":""EK1, DK1, MT, TW, GM""}"
20250812_mida,Water Bird Count,20,minutes,,2025-08-12,16:00,Mida Creek,Africa,Kenya,KE,Kilifi,Mida Creek,-3.330189,39.967088,WGS84,"POLYGON ((39.9636 -3.3292, 39.9631 -3.3313, 39.9632 -3.3334, 39.9617 -3.3379, 39.9663 -3.3422, 39.9718 -3.3403, 39.9761 -3.3453, 39.978 -3.3495, 39.9886 -3.3435, 39.9847 -3.3382, 39.9833 -3.334, 39.9832 -3.3328, 39.9837 -3.3319, 39.985 -3.3301, 39.9863 -3.3289, 39.9879 -3.3265, 39.9901 -3.3244, 39.9881 -3.3208, 39.9843 -3.3209, 39.9816 -3.3211, 39.9788 -3.3213, 39.9758 -3.3219, 39.9725 -3.3229, 39.9698 -3.324, 39.9677 -3.3256, 39.9655 -3.3266, 39.9645 -3.3272, 39.9638 -3.3284, 39.9636 -3.3292))",EPSG:4326,"{""method"":""Foot or vehicle"",""participants"":""EK1,NM1""}"
20250822_sabaki,Water Bird Count,207,minutes,,2025-08-22,07:43,Sabaki,Africa,Kenya,KE,Tana River,Sabaki,-3.16658,40.14167,WGS84,"POLYGON ((40.1295 -3.1563, 40.1303 -3.1576, 40.132 -3.1595, 40.1334 -3.1615, 40.1339 -3.1633, 40.1359 -3.1647, 40.1394 -3.1666, 40.1413 -3.1699, 40.1402 -3.1725, 40.1405 -3.1752, 40.144 -3.1781, 40.1459 -3.1763, 40.1484 -3.171, 40.1525 -3.1611, 40.149 -3.1583, 40.1467 -3.1581, 40.1454 -3.1574, 40.1424 -3.1545, 40.1389 -3.1541, 40.1349 -3.1522, 40.1328 -3.1529, 40.1335 -3.1565, 40.1344 -3.1584, 40.1338 -3.1589, 40.1328 -3.1575, 40.1311 -3.1553, 40.1295 -3.1563))",EPSG:4326,"{""method"":""Foot or vehicle""}"
20250903_mida,Water Bird Count,187,minutes,,2025-09-03,12:20,Mida Creek,Africa,Kenya,KE,Kilifi,Mida Creek,-3.330189,39.967088,WGS84,"POLYGON ((39.9636 -3.3292, 39.9631 -3.3313, 39.9632 -3.3334, 39.9617 -3.3379, 39.9663 -3.3422, 39.9718 -3.3403, 39.9761 -3.3453, 39.978 -3.3495, 39.9886 -3.3435, 39.9847 -3.3382, 39.9833 -3.334, 39.9832 -3.3328, 39.9837 -3.3319, 39.985 -3.3301, 39.9863 -3.3289, 39.9879 -3.3265, 39.9901 -3.3244, 39.9881 -3.3208, 39.9843 -3.3209, 39.9816 -3.3211, 39.9788 -3.3213, 39.9758 -3.3219, 39.9725 -3.3229, 39.9698 -3.324, 39.9677 -3.3256, 39.9655 -3.3266, 39.9645 -3.3272, 39.9638 -3.3284, 39.9636 -3.3292))",EPSG:4326,"{""method"":""Foot or vehicle"",""participants"":""LK, EK1, AS2, EF, NK""}"
20250908_sabaki,Water Bird Count,300,minutes,,2025-09-08,08:00,Sabaki,Africa,Kenya,KE,Tana River,Sabaki,-3.16658,40.14167,WGS84,"POLYGON ((40.1295 -3.1563, 40.1303 -3.1576, 40.132 -3.1595, 40.1334 -3.1615, 40.1339 -3.1633, 40.1359 -3.1647, 40.1394 -3.1666, 40.1413 -3.1699, 40.1402 -3.1725, 40.1405 -3.1752, 40.144 -3.1781, 40.1459 -3.1763, 40.1484 -3.171, 40.1525 -3.1611, 40.149 -3.1583, 40.1467 -3.1581, 40.1454 -3.1574, 40.1424 -3.1545, 40.1389 -3.1541, 40.1349 -3.1522, 40.1328 -3.1529, 40.1335 -3.1565, 40.1344 -3.1584, 40.1338 -3.1589, 40.1328 -3.1575, 40.1311 -3.1553, 40.1295 -3.1563))",EPSG:4326,"{""method"":""Foot or vehicle"",""participants"":""LK, EK1, DK1, WV""}"
20251002_mida,Water Bird Count,80,minutes,,2025-10-02,11:40,Mida Creek,Africa,Kenya,KE,Kilifi,Mida Creek,-3.330189,39.967088,WGS84,"POLYGON ((39.9636 -3.3292, 39.9631 -3.3313, 39.9632 -3.3334, 39.9617 -3.3379, 39.9663 -3.3422, 39.9718 -3.3403, 39.9761 -3.3453, 39.978 -3.3495, 39.9886 -3.3435, 39.9847 -3.3382, 39.9833 -3.334, 39.9832 -3.3328, 39.9837 -3.3319, 39.985 -3.3301, 39.9863 -3.3289, 39.9879 -3.3265, 39.9901 -3.3244, 39.9881 -3.3208, 39.9843 -3.3209, 39.9816 -3.3211, 39.9788 -3.3213, 39.9758 -3.3219, 39.9725 -3.3229, 39.9698 -3.324, 39.9677 -3.3256, 39.9655 -3.3266, 39.9645 -3.3272, 39.9638 -3.3284, 39.9636 -3.3292))",EPSG:4326,"{""method"":""Foot or vehicle"",""participants"":""LK, WV, JTW, CMN, GK1, DM2""}"
20251008_sabaki,Water Bird Count,260,minutes,,2025-10-08,08:30,Sabaki,Africa,Kenya,KE,Tana River,Sabaki,-3.16658,40.14167,WGS84,"POLYGON ((40.1295 -3.1563, 40.1303 -3.1576, 40.132 -3.1595, 40.1334 -3.1615, 40.1339 -3.1633, 40.1359 -3.1647, 40.1394 -3.1666, 40.1413 -3.1699, 40.1402 -3.1725, 40.1405 -3.1752, 40.144 -3.1781, 40.1459 -3.1763, 40.1484 -3.171, 40.1525 -3.1611, 40.149 -3.1583, 40.1467 -3.1581, 40.1454 -3.1574, 40.1424 -3.1545, 40.1389 -3.1541, 40.1349 -3.1522, 40.1328 -3.1529, 40.1335 -3.1565, 40.1344 -3.1584, 40.1338 -3.1589, 40.1328 -3.1575, 40.1311 -3.1553, 40.1295 -3.1563))",EPSG:4326,"{""method"":""Foot or vehicle"",""participants"":""DK1, EK1, JA3, WV, JTW, CMN""}"
20251105_sabaki,Water Bird Count,270,minutes,,2025-11-05,08:15,Sabaki,Africa,Kenya,KE,Tana River,Sabaki,-3.16658,40.14167,WGS84,"POLYGON ((40.1295 -3.1563, 40.1303 -3.1576, 40.132 -3.1595, 40.1334 -3.1615, 40.1339 -3.1633, 40.1359 -3.1647, 40.1394 -3.1666, 40.1413 -3.1699, 40.1402 -3.1725, 40.1405 -3.1752, 40.144 -3.1781, 40.1459 -3.1763, 40.1484 -3.171, 40.1525 -3.1611, 40.149 -3.1583, 40.1467 -3.1581, 40.1454 -3.1574, 40.1424 -3.1545, 40.1389 -3.1541, 40.1349 -3.1522, 40.1328 -3.1529, 40.1335 -3.1565, 40.1344 -3.1584, 40.1338 -3.1589, 40.1328 -3.1575, 40.1311 -3.1553, 40.1295 -3.1563))",EPSG:4326,"{""method"":""Foot or vehicle"",""participants"":""JA3, LK, JTW, RG, SA1, LA""}"
20251113_mida,Water Bird Count,44,minutes,,2025-11-13,09:46,Mida Creek,Africa,Kenya,KE,Kilifi,Mida Creek,-3.330189,39.967088,WGS84,"POLYGON ((39.9636 -3.3292, 39.9631 -3.3313, 39.9632 -3.3334, 39.9617 -3.3379, 39.9663 -3.3422, 39.9718 -3.3403, 39.9761 -3.3453, 39.978 -3.3495, 39.9886 -3.3435, 39.9847 -3.3382, 39.9833 -3.334, 39.9832 -3.3328, 39.9837 -3.3319, 39.985 -3.3301, 39.9863 -3.3289, 39.9879 -3.3265, 39.9901 -3.3244, 39.9881 -3.3208, 39.9843 -3.3209, 39.9816 -3.3211, 39.9788 -3.3213, 39.9758 -3.3219, 39.9725 -3.3229, 39.9698 -3.324, 39.9677 -3.3256, 39.9655 -3.3266, 39.9645 -3.3272, 39.9638 -3.3284, 39.9636 -3.3292))",EPSG:4326,"{""method"":""Foot or vehicle"",""participants"":""DK1, LA, EK1""}"
20251216_sabaki,Water Bird Count,211,minutes,,2025-12-16,08:10,Sabaki,Africa,Kenya,KE,Tana River,Sabaki,-3.16658,40.14167,WGS84,"POLYGON ((40.1295 -3.1563, 40.1303 -3.1576, 40.132 -3.1595, 40.1334 -3.1615, 40.1339 -3.1633, 40.1359 -3.1647, 40.1394 -3.1666, 40.1413 -3.1699, 40.1402 -3.1725, 40.1405 -3.1752, 40.144 -3.1781, 40.1459 -3.1763, 40.1484 -3.171, 40.1525 -3.1611, 40.149 -3.1583, 40.1467 -3.1581, 40.1454 -3.1574, 40.1424 -3.1545, 40.1389 -3.1541, 40.1349 -3.1522, 40.1328 -3.1529, 40.1335 -3.1565, 40.1344 -3.1584, 40.1338 -3.1589, 40.1328 -3.1575, 40.1311 -3.1553, 40.1295 -3.1563))",EPSG:4326,"{""method"":""Foot or vehicle"",""participants"":""JA1, EK1, DK1, CMN, JG, JB5""}"
20251217_mida,Water Bird Count,95,minutes,,2025-12-17,14:00,Mida Creek,Africa,Kenya,KE,Kilifi,Mida Creek,-3.330189,39.967088,WGS84,"POLYGON ((39.9636 -3.3292, 39.9631 -3.3313, 39.9632 -3.3334, 39.9617 -3.3379, 39.9663 -3.3422, 39.9718 -3.3403, 39.9761 -3.3453, 39.978 -3.3495, 39.9886 -3.3435, 39.9847 -3.3382, 39.9833 -3.334, 39.9832 -3.3328, 39.9837 -3.3319, 39.985 -3.3301, 39.9863 -3.3289, 39.9879 -3.3265, 39.9901 -3.3244, 39.9881 -3.3208, 39.9843 -3.3209, 39.9816 -3.3211, 39.9788 -3.3213, 39.9758 -3.3219, 39.9725 -3.3229, 39.9698 -3.324, 39.9677 -3.3256, 39.9655 -3.3266, 39.9645 -3.3272, 39.9638 -3.3284, 39.9636 -3.3292))",EPSG:4326,"{""method"":""Foot or vehicle"",""participants"":""Lk, CMN, DK1, JG, LA, AG, BJ""}"
20260116_mida,Water Bird Count,150,minutes,,2026-01-16,15:00,Mida Creek,Africa,Kenya,KE,Kilifi,Mida Creek,-3.330189,39.967088,WGS84,"POLYGON ((39.9636 -3.3292, 39.9631 -3.3313, 39.9632 -3.3334, 39.9617 -3.3379, 39.9663 -3.3422, 39.9718 -3.3403, 39.9761 -3.3453, 39.978 -3.3495, 39.9886 -3.3435, 39.9847 -3.3382, 39.9833 -3.334, 39.9832 -3.3328, 39.9837 -3.3319, 39.985 -3.3301, 39.9863 -3.3289, 39.9879 -3.3265, 39.9901 -3.3244, 39.9881 -3.3208, 39.9843 -3.3209, 39.9816 -3.3211, 39.9788 -3.3213, 39.9758 -3.3219, 39.9725 -3.3229, 39.9698 -3.324, 39.9677 -3.3256, 39.9655 -3.3266, 39.9645 -3.3272, 39.9638 -3.3284, 39.9636 -3.3292))",EPSG:4326,"{""method"":""Foot or vehicle"",""participants"":""LK, CMN, TG, CS, EF, DM3, BG, MN1, LS1, JS1, PM4, DM2, IP""}"
20260131_sabaki,Water Bird Count,293,minutes,,2026-01-31,08:37,Sabaki,Africa,Kenya,KE,Tana River,Sabaki,-3.16658,40.14167,WGS84,"POLYGON ((40.1295 -3.1563, 40.1303 -3.1576, 40.132 -3.1595, 40.1334 -3.1615, 40.1339 -3.1633, 40.1359 -3.1647, 40.1394 -3.1666, 40.1413 -3.1699, 40.1402 -3.1725, 40.1405 -3.1752, 40.144 -3.1781, 40.1459 -3.1763, 40.1484 -3.171, 40.1525 -3.1611, 40.149 -3.1583, 40.1467 -3.1581, 40.1454 -3.1574, 40.1424 -3.1545, 40.1389 -3.1541, 40.1349 -3.1522, 40.1328 -3.1529, 40.1335 -3.1565, 40.1344 -3.1584, 40.1338 -3.1589, 40.1328 -3.1575, 40.1311 -3.1553, 40.1295 -3.1563))",EPSG:4326,"{""method"":""Foot or vehicle"",""participants"":""CJ, LA4, SM5, JA3, AM6, MA4, LL, LL2, AS2, AM7, TT""}"
20260226_sabaki,Water Bird Count,245,minutes,,2026-02-26,07:30,Sabaki,Africa,Kenya,KE,Tana River,Sabaki,-3.16658,40.14167,WGS84,"POLYGON ((40.1295 -3.1563, 40.1303 -3.1576, 40.132 -3.1595, 40.1334 -3.1615, 40.1339 -3.1633, 40.1359 -3.1647, 40.1394 -3.1666, 40.1413 -3.1699, 40.1402 -3.1725, 40.1405 -3.1752, 40.144 -3.1781, 40.1459 -3.1763, 40.1484 -3.171, 40.1525 -3.1611, 40.149 -3.1583, 40.1467 -3.1581, 40.1454 -3.1574, 40.1424 -3.1545, 40.1389 -3.1541, 40.1349 -3.1522, 40.1328 -3.1529, 40.1335 -3.1565, 40.1344 -3.1584, 40.1338 -3.1589, 40.1328 -3.1575, 40.1311 -3.1553, 40.1295 -3.1563))",EPSG:4326,"{""method"":""Foot or vehicle and used telescope"",""participants"":""LK,DW,EK,AJ,KG,JA3,MN3""}"
20260325_mida,Water Bird Count,182,minutes,,2026-03-25,07:00,Mida Creek,Africa,Kenya,KE,Kilifi,Mida Creek,-3.330189,39.967088,WGS84,"POLYGON ((39.9636 -3.3292, 39.9631 -3.3313, 39.9632 -3.3334, 39.9617 -3.3379, 39.9663 -3.3422, 39.9718 -3.3403, 39.9761 -3.3453, 39.978 -3.3495, 39.9886 -3.3435, 39.9847 -3.3382, 39.9833 -3.334, 39.9832 -3.3328, 39.9837 -3.3319, 39.985 -3.3301, 39.9863 -3.3289, 39.9879 -3.3265, 39.9901 -3.3244, 39.9881 -3.3208, 39.9843 -3.3209, 39.9816 -3.3211, 39.9788 -3.3213, 39.9758 -3.3219, 39.9725 -3.3229, 39.9698 -3.324, 39.9677 -3.3256, 39.9655 -3.3266, 39.9645 -3.3272, 39.9638 -3.3284, 39.9636 -3.3292))",EPSG:4326,"{""method"":""Foot or vehicle"",""participants"":""EK, IK,LK,DK,MN3""}"
20260331_sabaki,Water Bird Count,162,minutes,,2026-03-31,08:10,Sabaki,Africa,Kenya,KE,Tana River,Sabaki,-3.16658,40.14167,WGS84,"POLYGON ((40.1295 -3.1563, 40.1303 -3.1576, 40.132 -3.1595, 40.1334 -3.1615, 40.1339 -3.1633, 40.1359 -3.1647, 40.1394 -3.1666, 40.1413 -3.1699, 40.1402 -3.1725, 40.1405 -3.1752, 40.144 -3.1781, 40.1459 -3.1763, 40.1484 -3.171, 40.1525 -3.1611, 40.149 -3.1583, 40.1467 -3.1581, 40.1454 -3.1574, 40.1424 -3.1545, 40.1389 -3.1541, 40.1349 -3.1522, 40.1328 -3.1529, 40.1335 -3.1565, 40.1344 -3.1584, 40.1338 -3.1589, 40.1328 -3.1575, 40.1311 -3.1553, 40.1295 -3.1563))",EPSG:4326,"{""method"":""Foot or vehicle and used telescope"",""participants"":""IK,MN3,KG,EK,DW""}"
20260430_sabaki,Water Bird Count,,minutes,,2026-04-30,08:15,Sabaki,Africa,Kenya,KE,Tana River,Sabaki,-3.16658,40.14167,WGS84,"POLYGON ((40.1295 -3.1563, 40.1303 -3.1576, 40.132 -3.1595, 40.1334 -3.1615, 40.1339 -3.1633, 40.1359 -3.1647, 40.1394 -3.1666, 40.1413 -3.1699, 40.1402 -3.1725, 40.1405 -3.1752, 40.144 -3.1781, 40.1459 -3.1763, 40.1484 -3.171, 40.1525 -3.1611, 40.149 -3.1583, 40.1467 -3.1581, 40.1454 -3.1574, 40.1424 -3.1545, 40.1389 -3.1541, 40.1349 -3.1522, 40.1328 -3.1529, 40.1335 -3.1565, 40.1344 -3.1584, 40.1338 -3.1589, 40.1328 -3.1575, 40.1311 -3.1553, 40.1295 -3.1563))",EPSG:4326,"{""method"":""Foot or vehicle and used telescope""}"
20260511_mida,Water Bird Count,50,minutes,,2026-05-11,11:55,Mida Creek,Africa,Kenya,KE,Kilifi,Mida Creek,-3.330189,39.967088,WGS84,"POLYGON ((39.9636 -3.3292, 39.9631 -3.3313, 39.9632 -3.3334, 39.9617 -3.3379, 39.9663 -3.3422, 39.9718 -3.3403, 39.9761 -3.3453, 39.978 -3.3495, 39.9886 -3.3435, 39.9847 -3.3382, 39.9833 -3.334, 39.9832 -3.3328, 39.9837 -3.3319, 39.985 -3.3301, 39.9863 -3.3289, 39.9879 -3.3265, 39.9901 -3.3244, 39.9881 -3.3208, 39.9843 -3.3209, 39.9816 -3.3211, 39.9788 -3.3213, 39.9758 -3.3219, 39.9725 -3.3229, 39.9698 -3.324, 39.9677 -3.3256, 39.9655 -3.3266, 39.9645 -3.3272, 39.9638 -3.3284, 39.9636 -3.3292))",EPSG:4326,"{""method"":""Foot or vehicle""}"
